Monarch,Lineage,Monarch Pop,Parasite,Parasite Pop,Inoc Date,Hatch Date,Pupation,Pupal Score,Emergence,Sex,Weight,Death,Longevity,Logspore,Sqrtspore,survived,inoculated,Infected
37,12,Eastern10,C1E27,Eastern10,5/14/2011,5/12/2011,5/22/2011,NA,NA,NA,NA,NA,NA,NA,NA,no,yes,NA
68,12,Eastern10,C1F19,Miami,5/15/2011,5/13/2011,NA,NA,NA,NA,NA,NA,NA,NA,NA,no,yes,NA
77,12,Eastern10,C1F20,Miami,5/15/2011,5/13/2011,NA,NA,NA,NA,NA,NA,NA,NA,NA,no,yes,NA
115,13,Eastern10,C1E25,Eastern10,5/15/2011,5/13/2011,5/25/2011,3,NA,NA,NA,NA,NA,NA,NA,no,yes,NA
128,13,Eastern10,C1E26,Eastern10,5/15/2011,5/13/2011,5/26/2011,NA,NA,NA,NA,NA,NA,NA,NA,no,yes,NA
137,13,Eastern10,C1E27,Eastern10,5/15/2011,5/13/2011,NA,NA,NA,NA,NA,NA,NA,NA,NA,no,yes,NA
143,13,Eastern10,C1E28,Eastern10,5/15/2011,5/13/2011,NA,NA,NA,NA,NA,NA,NA,NA,NA,no,yes,NA
145,13,Eastern10,C1E28,Eastern10,5/15/2011,5/13/2011,5/25/2011,NA,NA,NA,NA,NA,NA,NA,NA,no,yes,NA
146,13,Eastern10,C1E28,Eastern10,5/15/2011,5/13/2011,NA,NA,NA,NA,NA,NA,NA,NA,NA,no,yes,NA
180,13,Eastern10,Control,Miami,5/15/2011,5/13/2011,5/26/2011,0,NA,NA,NA,NA,NA,NA,NA,no,no,NA
193,13,Eastern10,C1F22,Miami,5/15/2011,5/12/2011,NA,NA,NA,NA,NA,NA,NA,NA,NA,no,yes,NA
213,14,Eastern10,C1E25,Eastern10,5/16/2011,5/14/2011,NA,NA,NA,NA,NA,NA,NA,NA,NA,no,yes,NA
216,14,Eastern10,C1E25,Eastern10,5/16/2011,5/14/2011,NA,NA,NA,NA,NA,NA,NA,NA,NA,no,yes,NA
220,14,Eastern10,Control,Eastern10,5/16/2011,5/14/2011,NA,NA,NA,NA,NA,NA,NA,NA,NA,no,no,NA
221,14,Eastern10,C1E26,Eastern10,5/16/2011,5/14/2011,NA,NA,NA,NA,NA,NA,NA,NA,NA,no,yes,NA
222,14,Eastern10,C1E26,Eastern10,5/16/2011,5/14/2011,NA,NA,NA,NA,NA,NA,NA,NA,NA,no,yes,NA
227,14,Eastern10,C1E26,Eastern10,5/16/2011,5/14/2011,NA,NA,NA,NA,NA,NA,NA,NA,NA,no,yes,NA
242,14,Eastern10,C1E28,Eastern10,5/16/2011,5/15/2011,5/26/2011,NA,NA,NA,NA,NA,NA,NA,NA,no,yes,NA
257,14,Eastern10,C1F18,Miami,5/16/2011,5/15/2011,5/26/2011,NA,NA,NA,NA,NA,NA,NA,NA,no,yes,NA
272,14,Eastern10,C1F20,Miami,5/16/2011,5/15/2011,NA,NA,NA,NA,NA,NA,NA,NA,NA,no,yes,NA
276,14,Eastern10,C1F20,Miami,5/16/2011,5/15/2011,NA,NA,NA,NA,NA,NA,NA,NA,NA,no,yes,NA
277,14,Eastern10,C1F20,Miami,5/16/2011,5/15/2011,NA,NA,NA,NA,NA,NA,NA,NA,NA,no,yes,NA
278,14,Eastern10,C1F20,Miami,5/16/2011,5/15/2011,NA,NA,NA,NA,NA,NA,NA,NA,NA,no,yes,NA
279,14,Eastern10,C1F20,Miami,5/16/2011,5/15/2011,NA,NA,NA,NA,NA,NA,NA,NA,NA,no,yes,NA
280,14,Eastern10,Control,Miami,5/16/2011,5/15/2011,NA,NA,NA,NA,NA,NA,NA,NA,NA,no,no,NA
281,14,Eastern10,C1F21,Miami,5/17/2011,5/15/2011,NA,NA,NA,NA,NA,NA,NA,NA,NA,no,yes,NA
284,14,Eastern10,C1F21,Miami,5/17/2011,5/15/2011,NA,NA,NA,NA,NA,NA,NA,NA,NA,no,yes,NA
285,14,Eastern10,C1F21,Miami,5/17/2011,5/15/2011,NA,NA,NA,NA,NA,NA,NA,NA,NA,no,yes,NA
287,14,Eastern10,C1F21,Miami,5/17/2011,5/15/2011,NA,NA,NA,NA,NA,NA,NA,NA,NA,no,yes,NA
288,14,Eastern10,C1F21,Miami,5/17/2011,5/15/2011,NA,NA,NA,NA,NA,NA,NA,NA,NA,no,yes,NA
290,14,Eastern10,Control,Miami,5/17/2011,5/15/2011,NA,NA,NA,NA,NA,NA,NA,NA,NA,no,no,NA
291,14,Eastern10,C1F22,Miami,5/17/2011,5/15/2011,5/26/2011,NA,NA,NA,NA,NA,NA,NA,NA,no,yes,NA
292,14,Eastern10,C1F22,Miami,5/17/2011,5/15/2011,NA,NA,NA,NA,NA,NA,NA,NA,NA,no,yes,NA
293,14,Eastern10,C1F22,Miami,5/17/2011,5/15/2011,NA,NA,NA,NA,NA,NA,NA,NA,NA,no,yes,NA
294,14,Eastern10,C1F22,Miami,5/17/2011,5/15/2011,NA,NA,NA,NA,NA,NA,NA,NA,NA,no,yes,NA
295,14,Eastern10,C1F22,Miami,5/17/2011,5/15/2011,NA,NA,NA,NA,NA,NA,NA,NA,NA,no,yes,NA
297,14,Eastern10,C1F22,Miami,5/17/2011,5/15/2011,NA,NA,NA,NA,NA,NA,NA,NA,NA,no,yes,NA
298,14,Eastern10,C1F22,Miami,5/17/2011,5/15/2011,NA,NA,NA,NA,NA,NA,NA,NA,NA,no,yes,NA
299,14,Eastern10,C1F22,Miami,5/17/2011,5/15/2011,NA,NA,NA,NA,NA,NA,NA,NA,NA,no,yes,NA
300,14,Eastern10,Control,Miami,5/17/2011,5/15/2011,NA,NA,NA,NA,NA,NA,NA,NA,NA,no,no,NA
303,15,Eastern10,C1E23,Eastern10,5/16/2011,5/14/2011,NA,NA,NA,NA,NA,NA,NA,NA,NA,no,yes,NA
305,15,Eastern10,C1E23,Eastern10,5/16/2011,5/14/2011,NA,NA,NA,NA,NA,NA,NA,NA,NA,no,yes,NA
308,15,Eastern10,C1E23,Eastern10,5/16/2011,5/14/2011,NA,NA,NA,NA,NA,NA,NA,NA,NA,no,yes,NA
322,15,Eastern10,C1E26,Eastern10,5/17/2011,5/15/2011,NA,NA,NA,NA,NA,NA,NA,NA,NA,no,yes,NA
324,15,Eastern10,C1E26,Eastern10,5/17/2011,5/15/2011,NA,NA,NA,NA,NA,NA,NA,NA,NA,no,yes,NA
329,15,Eastern10,C1E26,Eastern10,5/17/2011,5/15/2011,NA,NA,NA,NA,NA,NA,NA,NA,NA,no,yes,NA
331,15,Eastern10,C1E27,Eastern10,5/17/2011,5/15/2011,5/27/2011,NA,NA,NA,NA,NA,NA,NA,NA,no,yes,NA
333,15,Eastern10,C1E27,Eastern10,5/17/2011,5/16/2011,NA,NA,NA,NA,NA,NA,NA,NA,NA,no,yes,NA
334,15,Eastern10,C1E27,Eastern10,5/17/2011,5/16/2011,NA,NA,NA,NA,NA,NA,NA,NA,NA,no,yes,NA
337,15,Eastern10,C1E27,Eastern10,5/17/2011,5/16/2011,NA,NA,NA,NA,NA,NA,NA,NA,NA,no,yes,NA
339,15,Eastern10,C1E27,Eastern10,5/17/2011,5/16/2011,NA,NA,NA,NA,NA,NA,NA,NA,NA,no,yes,NA
340,15,Eastern10,Control,Eastern10,5/17/2011,5/16/2011,NA,NA,NA,NA,NA,NA,NA,NA,NA,no,no,NA
346,15,Eastern10,C1E28,Eastern10,5/17/2011,5/16/2011,5/28/2011,NA,NA,NA,NA,NA,NA,NA,NA,no,yes,NA
347,15,Eastern10,C1E28,Eastern10,5/17/2011,5/16/2011,5/29/2011,NA,NA,NA,NA,NA,NA,NA,NA,no,yes,NA
348,15,Eastern10,C1E28,Eastern10,5/17/2011,5/16/2011,5/28/2011,NA,NA,NA,NA,NA,NA,NA,NA,no,yes,NA
349,15,Eastern10,C1E28,Eastern10,5/17/2011,5/16/2011,NA,NA,NA,NA,NA,NA,NA,NA,NA,no,yes,NA
351,15,Eastern10,C1F18,Miami,5/16/2011,5/14/2011,NA,NA,NA,NA,NA,NA,NA,NA,NA,no,yes,NA
354,15,Eastern10,C1F18,Miami,5/16/2011,5/14/2011,NA,NA,NA,NA,NA,NA,NA,NA,NA,no,yes,NA
356,15,Eastern10,C1F18,Miami,5/16/2011,5/14/2011,NA,NA,NA,NA,NA,NA,NA,NA,NA,no,yes,NA
358,15,Eastern10,C1F18,Miami,5/16/2011,5/14/2011,NA,NA,NA,NA,NA,NA,NA,NA,NA,no,yes,NA
359,15,Eastern10,C1F18,Miami,5/16/2011,5/14/2011,5/28/2011,NA,NA,NA,NA,NA,NA,NA,NA,no,yes,NA
362,15,Eastern10,C1F19,Miami,5/16/2011,5/14/2011,NA,NA,NA,NA,NA,NA,NA,NA,NA,no,yes,NA
367,15,Eastern10,C1F19,Miami,5/17/2011,5/15/2011,5/28/2011,5,NA,NA,NA,NA,NA,NA,NA,no,yes,NA
371,15,Eastern10,C1F20,Miami,5/17/2011,5/15/2011,NA,NA,NA,NA,NA,NA,NA,NA,NA,no,yes,NA
372,15,Eastern10,C1F20,Miami,5/17/2011,5/15/2011,NA,NA,NA,NA,NA,NA,NA,NA,NA,no,yes,NA
382,15,Eastern10,C1F21,Miami,5/17/2011,5/15/2011,NA,NA,NA,NA,NA,NA,NA,NA,NA,no,yes,NA
397,15,Eastern10,C1F22,Miami,5/18/2011,5/16/2011,5/27/2011,3,NA,NA,NA,NA,NA,NA,NA,no,yes,NA
411,16,Eastern10,C1E25,Eastern10,5/17/2011,5/13/2011,NA,NA,NA,NA,NA,NA,NA,NA,NA,no,yes,NA
418,16,Eastern10,C1E25,Eastern10,5/18/2011,5/16/2011,NA,NA,NA,NA,NA,NA,NA,NA,NA,no,yes,NA
419,16,Eastern10,C1E25,Eastern10,5/18/2011,5/16/2011,NA,NA,NA,NA,NA,NA,NA,NA,NA,no,yes,NA
420,16,Eastern10,Control,Eastern10,5/18/2011,5/16/2011,NA,NA,NA,NA,NA,NA,NA,NA,NA,no,no,NA
421,16,Eastern10,C1E26,Eastern10,5/18/2011,5/16/2011,NA,NA,NA,NA,NA,NA,NA,NA,NA,no,yes,NA
422,16,Eastern10,C1E26,Eastern10,5/18/2011,5/16/2011,NA,NA,NA,NA,NA,NA,NA,NA,NA,no,yes,NA
423,16,Eastern10,C1E26,Eastern10,5/18/2011,5/16/2011,NA,NA,NA,NA,NA,NA,NA,NA,NA,no,yes,NA
426,16,Eastern10,C1E26,Eastern10,5/18/2011,5/16/2011,NA,NA,NA,NA,NA,NA,NA,NA,NA,no,yes,NA
427,16,Eastern10,C1E26,Eastern10,5/18/2011,5/16/2011,NA,NA,NA,NA,NA,NA,NA,NA,NA,no,yes,NA
428,16,Eastern10,C1E26,Eastern10,5/18/2011,5/16/2011,NA,NA,NA,NA,NA,NA,NA,NA,NA,no,yes,NA
429,16,Eastern10,C1E26,Eastern10,5/18/2011,5/16/2011,NA,NA,NA,NA,NA,NA,NA,NA,NA,no,yes,NA
430,16,Eastern10,Control,Eastern10,5/18/2011,5/16/2011,NA,NA,NA,NA,NA,NA,NA,NA,NA,no,no,NA
432,16,Eastern10,C1E27,Eastern10,5/18/2011,5/16/2011,NA,NA,NA,NA,NA,NA,NA,NA,NA,no,yes,NA
433,16,Eastern10,C1E27,Eastern10,5/18/2011,5/16/2011,NA,NA,NA,NA,NA,NA,NA,NA,NA,no,yes,NA
434,16,Eastern10,C1E27,Eastern10,5/18/2011,5/16/2011,NA,NA,NA,NA,NA,NA,NA,NA,NA,no,yes,NA
435,16,Eastern10,C1E27,Eastern10,5/18/2011,5/16/2011,NA,NA,NA,NA,NA,NA,NA,NA,NA,no,yes,NA
438,16,Eastern10,C1E27,Eastern10,5/18/2011,5/16/2011,NA,NA,NA,NA,NA,NA,NA,NA,NA,no,yes,NA
440,16,Eastern10,Control,Eastern10,5/18/2011,5/16/2011,NA,NA,NA,NA,NA,NA,NA,NA,NA,no,no,NA
441,16,Eastern10,C1E28,Eastern10,5/18/2011,5/16/2011,NA,NA,NA,NA,NA,NA,NA,NA,NA,no,yes,NA
442,16,Eastern10,C1E28,Eastern10,5/18/2011,5/16/2011,NA,NA,NA,NA,NA,NA,NA,NA,NA,no,yes,NA
444,16,Eastern10,C1E28,Eastern10,5/18/2011,5/16/2011,NA,NA,NA,NA,NA,NA,NA,NA,NA,no,yes,NA
448,16,Eastern10,C1E28,Eastern10,5/18/2011,5/16/2011,NA,NA,NA,NA,NA,NA,NA,NA,NA,no,yes,NA
449,16,Eastern10,C1E28,Eastern10,5/18/2011,5/16/2011,NA,NA,NA,NA,NA,NA,NA,NA,NA,no,yes,NA
455,16,Eastern10,C1F18,Miami,5/17/2011,5/15/2011,NA,NA,NA,NA,NA,NA,NA,NA,NA,no,yes,NA
458,16,Eastern10,C1F18,Miami,5/17/2011,5/15/2011,NA,NA,NA,NA,NA,NA,NA,NA,NA,no,yes,NA
459,16,Eastern10,C1F18,Miami,5/17/2011,5/15/2011,NA,NA,NA,NA,NA,NA,NA,NA,NA,no,yes,NA
460,16,Eastern10,Control,Miami,5/17/2011,5/15/2011,NA,NA,NA,NA,NA,NA,NA,NA,NA,no,no,NA
466,16,Eastern10,C1F19,Miami,5/17/2011,5/15/2011,NA,NA,NA,NA,NA,NA,NA,NA,NA,no,yes,NA
467,16,Eastern10,C1F19,Miami,5/18/2011,5/16/2011,NA,NA,NA,NA,NA,NA,NA,NA,NA,no,yes,NA
468,16,Eastern10,C1F19,Miami,5/18/2011,5/16/2011,NA,NA,NA,NA,NA,NA,NA,NA,NA,no,yes,NA
469,16,Eastern10,C1F19,Miami,5/18/2011,5/16/2011,NA,NA,NA,NA,NA,NA,NA,NA,NA,no,yes,NA
470,16,Eastern10,Control,Miami,5/18/2011,5/16/2011,5/27/2011,0,NA,NA,NA,NA,NA,NA,NA,no,no,NA
471,16,Eastern10,C1F20,Miami,5/18/2011,5/16/2011,NA,NA,NA,NA,NA,NA,NA,NA,NA,no,yes,NA
472,16,Eastern10,C1F20,Miami,5/18/2011,5/16/2011,NA,NA,NA,NA,NA,NA,NA,NA,NA,no,yes,NA
473,16,Eastern10,C1F20,Miami,5/18/2011,5/16/2011,NA,NA,NA,NA,NA,NA,NA,NA,NA,no,yes,NA
474,16,Eastern10,C1F20,Miami,5/18/2011,5/16/2011,NA,NA,NA,NA,NA,NA,NA,NA,NA,no,yes,NA
475,16,Eastern10,C1F20,Miami,5/18/2011,5/16/2011,NA,NA,NA,NA,NA,NA,NA,NA,NA,no,yes,NA
476,16,Eastern10,C1F20,Miami,5/18/2011,5/16/2011,NA,NA,NA,NA,NA,NA,NA,NA,NA,no,yes,NA
477,16,Eastern10,C1F20,Miami,5/18/2011,5/16/2011,NA,NA,NA,NA,NA,NA,NA,NA,NA,no,yes,NA
478,16,Eastern10,C1F20,Miami,5/18/2011,5/16/2011,NA,NA,NA,NA,NA,NA,NA,NA,NA,no,yes,NA
479,16,Eastern10,C1F20,Miami,5/18/2011,5/16/2011,NA,NA,NA,NA,NA,NA,NA,NA,NA,no,yes,NA
482,16,Eastern10,C1F21,Miami,5/18/2011,5/16/2011,NA,NA,NA,NA,NA,NA,NA,NA,NA,no,yes,NA
483,16,Eastern10,C1F21,Miami,5/18/2011,5/16/2011,NA,NA,NA,NA,NA,NA,NA,NA,NA,no,yes,NA
484,16,Eastern10,C1F21,Miami,5/18/2011,5/16/2011,NA,NA,NA,NA,NA,NA,NA,NA,NA,no,yes,NA
485,16,Eastern10,C1F21,Miami,5/18/2011,5/16/2011,NA,NA,NA,NA,NA,NA,NA,NA,NA,no,yes,NA
486,16,Eastern10,C1F21,Miami,5/18/2011,5/16/2011,NA,NA,NA,NA,NA,NA,NA,NA,NA,no,yes,NA
487,16,Eastern10,C1F21,Miami,5/18/2011,5/16/2011,NA,NA,NA,NA,NA,NA,NA,NA,NA,no,yes,NA
488,16,Eastern10,C1F21,Miami,5/18/2011,5/16/2011,NA,NA,NA,NA,NA,NA,NA,NA,NA,no,yes,NA
489,16,Eastern10,C1F21,Miami,5/18/2011,5/16/2011,NA,NA,NA,NA,NA,NA,NA,NA,NA,no,yes,NA
490,16,Eastern10,Control,Miami,5/18/2011,5/16/2011,NA,NA,NA,NA,NA,NA,NA,NA,NA,no,no,NA
491,16,Eastern10,C1F22,Miami,5/18/2011,5/16/2011,NA,NA,NA,NA,NA,NA,NA,NA,NA,no,yes,NA
492,16,Eastern10,C1F22,Miami,5/18/2011,5/16/2011,NA,NA,NA,NA,NA,NA,NA,NA,NA,no,yes,NA
493,16,Eastern10,C1F22,Miami,5/18/2011,5/16/2011,5/28/2011,NA,NA,NA,NA,NA,NA,NA,NA,no,yes,NA
495,16,Eastern10,C1F22,Miami,5/18/2011,5/16/2011,NA,NA,NA,NA,NA,NA,NA,NA,NA,no,yes,NA
496,16,Eastern10,C1F22,Miami,5/18/2011,5/16/2011,NA,NA,NA,NA,NA,NA,NA,NA,NA,no,yes,NA
497,16,Eastern10,C1F22,Miami,5/18/2011,5/16/2011,NA,NA,NA,NA,NA,NA,NA,NA,NA,no,yes,NA
498,16,Eastern10,C1F22,Miami,5/18/2011,5/16/2011,NA,NA,NA,NA,NA,NA,NA,NA,NA,no,yes,NA
499,16,Eastern10,C1F22,Miami,5/18/2011,5/16/2011,NA,NA,NA,NA,NA,NA,NA,NA,NA,no,yes,NA
500,16,Eastern10,Control,Miami,5/18/2011,5/16/2011,NA,NA,NA,NA,NA,NA,NA,NA,NA,no,no,NA
501,17,Miami,C1E23,Eastern10,6/17/2011,6/15/2011,6/27/2011,NA,NA,NA,NA,NA,NA,NA,NA,no,yes,NA
502,17,Miami,C1E23,Eastern10,6/17/2011,6/15/2011,6/26/2011,0,NA,NA,NA,NA,NA,NA,NA,no,yes,NA
503,17,Miami,C1E23,Eastern10,6/17/2011,6/15/2011,6/27/2011,NA,NA,NA,NA,NA,NA,NA,NA,no,yes,NA
506,17,Miami,C1E23,Eastern10,6/17/2011,6/15/2011,NA,NA,NA,NA,NA,NA,NA,NA,NA,no,yes,NA
509,17,Miami,C1E23,Eastern10,6/17/2011,6/15/2011,NA,NA,NA,NA,NA,NA,NA,NA,NA,no,yes,NA
510,17,Miami,Control,Eastern10,6/17/2011,6/15/2011,6/28/2011,NA,NA,NA,NA,NA,NA,NA,NA,no,no,NA
513,17,Miami,C1E25,Eastern10,6/17/2011,6/15/2011,6/26/2011,0,NA,NA,NA,NA,NA,NA,NA,no,yes,NA
514,17,Miami,C1E25,Eastern10,6/17/2011,6/15/2011,6/28/2011,0,NA,NA,NA,NA,NA,NA,NA,no,yes,NA
517,17,Miami,C1E25,Eastern10,6/17/2011,6/15/2011,6/27/2011,NA,NA,NA,NA,NA,NA,NA,NA,no,yes,NA
524,17,Miami,C1E26,Eastern10,6/18/2011,6/16/2011,NA,NA,NA,NA,NA,NA,NA,NA,NA,no,yes,NA
526,17,Miami,C1E26,Eastern10,6/18/2011,6/16/2011,NA,NA,NA,NA,NA,NA,NA,NA,NA,no,yes,NA
528,17,Miami,C1E26,Eastern10,6/18/2011,6/16/2011,NA,NA,NA,NA,NA,NA,NA,NA,NA,no,yes,NA
531,17,Miami,C1E27,Eastern10,6/18/2011,6/16/2011,NA,NA,NA,NA,NA,NA,NA,NA,NA,no,yes,NA
534,17,Miami,C1E27,Eastern10,6/18/2011,6/16/2011,6/29/2011,0,NA,NA,NA,NA,NA,NA,NA,no,yes,NA
537,17,Miami,C1E27,Eastern10,6/18/2011,6/16/2011,NA,NA,NA,NA,NA,NA,NA,NA,NA,no,yes,NA
539,17,Miami,C1E27,Eastern10,6/18/2011,6/16/2011,6/28/2011,NA,NA,NA,NA,NA,NA,NA,NA,no,yes,NA
552,17,Miami,C1F18,Miami,6/17/2011,6/15/2011,6/27/2011,NA,NA,NA,NA,NA,NA,NA,NA,no,yes,NA
555,17,Miami,C1F18,Miami,6/17/2011,6/15/2011,6/26/2011,NA,NA,NA,NA,NA,NA,NA,NA,no,yes,NA
559,17,Miami,C1F18,Miami,6/17/2011,6/15/2011,6/27/2011,1,NA,NA,NA,NA,NA,NA,NA,no,yes,NA
560,17,Miami,Control,Miami,6/17/2011,6/15/2011,NA,NA,NA,NA,NA,NA,NA,NA,NA,no,no,NA
563,17,Miami,C1F19,Miami,6/17/2011,6/15/2011,6/28/2011,NA,NA,NA,NA,NA,NA,NA,NA,no,yes,NA
565,17,Miami,C1F19,Miami,6/17/2011,6/15/2011,7/1/2011,0,NA,NA,NA,NA,NA,NA,NA,no,yes,NA
566,17,Miami,C1F19,Miami,6/17/2011,6/15/2011,6/29/2011,1,NA,NA,NA,NA,NA,NA,NA,no,yes,NA
567,17,Miami,C1F19,Miami,6/17/2011,6/15/2011,6/27/2011,1,NA,NA,NA,NA,NA,NA,NA,no,yes,NA
570,17,Miami,Control,Miami,6/17/2011,6/15/2011,6/27/2011,NA,NA,NA,NA,NA,NA,NA,NA,no,no,NA
571,17,Miami,C1F20,Miami,6/17/2011,6/15/2011,6/27/2011,NA,NA,NA,NA,NA,NA,NA,NA,no,yes,NA
573,17,Miami,C1F20,Miami,6/18/2011,6/16/2011,6/29/2011,NA,NA,NA,NA,NA,NA,NA,NA,no,yes,NA
574,17,Miami,C1F20,Miami,6/18/2011,6/16/2011,NA,NA,NA,NA,NA,NA,NA,NA,NA,no,yes,NA
575,17,Miami,C1F20,Miami,6/18/2011,6/16/2011,NA,NA,NA,NA,NA,NA,NA,NA,NA,no,yes,NA
576,17,Miami,C1F20,Miami,6/18/2011,6/16/2011,NA,NA,NA,NA,NA,NA,NA,NA,NA,no,yes,NA
577,17,Miami,C1F20,Miami,6/18/2011,6/16/2011,NA,NA,NA,NA,NA,NA,NA,NA,NA,no,yes,NA
578,17,Miami,C1F20,Miami,6/18/2011,6/16/2011,NA,NA,NA,NA,NA,NA,NA,NA,NA,no,yes,NA
581,17,Miami,C1F21,Miami,6/18/2011,6/16/2011,6/28/2011,0,NA,NA,NA,NA,NA,NA,NA,no,yes,NA
582,17,Miami,C1F21,Miami,6/18/2011,6/16/2011,NA,NA,NA,NA,NA,NA,NA,NA,NA,no,yes,NA
585,17,Miami,C1F21,Miami,6/18/2011,6/16/2011,NA,NA,NA,NA,NA,NA,NA,NA,NA,no,yes,NA
586,17,Miami,C1F21,Miami,6/18/2011,6/16/2011,NA,NA,NA,NA,NA,NA,NA,NA,NA,no,yes,NA
587,17,Miami,C1F21,Miami,6/18/2011,6/16/2011,NA,NA,NA,NA,NA,NA,NA,NA,NA,no,yes,NA
588,17,Miami,C1F21,Miami,6/18/2011,6/16/2011,NA,NA,NA,NA,NA,NA,NA,NA,NA,no,yes,NA
589,17,Miami,C1F21,Miami,6/18/2011,6/16/2011,NA,NA,NA,NA,NA,NA,NA,NA,NA,no,yes,NA
590,17,Miami,Control,Miami,6/18/2011,6/16/2011,NA,NA,NA,NA,NA,NA,NA,NA,NA,no,no,NA
595,17,Miami,C1F22,Miami,6/18/2011,6/16/2011,NA,NA,NA,NA,NA,NA,NA,NA,NA,no,yes,NA
597,17,Miami,C1F22,Miami,6/18/2011,6/16/2011,NA,NA,NA,NA,NA,NA,NA,NA,NA,no,yes,NA
598,17,Miami,C1F22,Miami,6/18/2011,6/16/2011,NA,NA,NA,NA,NA,NA,NA,NA,NA,no,yes,NA
599,17,Miami,C1F22,Miami,6/18/2011,6/16/2011,NA,0,NA,NA,NA,NA,NA,NA,NA,no,yes,NA
624,18,Miami,C1E26,Eastern10,6/18/2011,6/16/2011,NA,NA,NA,NA,NA,NA,NA,NA,NA,no,yes,NA
630,18,Miami,Control,Eastern10,6/18/2011,6/16/2011,6/28/2011,NA,NA,NA,NA,NA,NA,NA,NA,no,no,NA
631,18,Miami,C1E27,Eastern10,6/18/2011,6/16/2011,NA,NA,NA,NA,NA,NA,NA,NA,NA,no,yes,NA
632,18,Miami,C1E27,Eastern10,6/18/2011,6/16/2011,NA,NA,NA,NA,NA,NA,NA,NA,NA,no,yes,NA
633,18,Miami,C1E27,Eastern10,6/18/2011,6/16/2011,NA,NA,NA,NA,NA,NA,NA,NA,NA,no,yes,NA
637,18,Miami,C1E27,Eastern10,6/18/2011,6/16/2011,NA,NA,NA,NA,NA,NA,NA,NA,NA,no,yes,NA
645,18,Miami,C1E28,Eastern10,6/18/2011,6/16/2011,NA,NA,NA,NA,NA,NA,NA,NA,NA,no,yes,NA
648,18,Miami,C1E28,Eastern10,6/18/2011,6/16/2011,NA,NA,NA,NA,NA,NA,NA,NA,NA,no,yes,NA
653,18,Miami,C1F18,Miami,6/17/2011,6/15/2011,6/28/2011,NA,NA,NA,NA,NA,NA,NA,NA,no,yes,NA
656,18,Miami,C1F18,Miami,6/17/2011,6/15/2011,6/26/2011,NA,NA,NA,NA,NA,NA,NA,NA,no,yes,NA
659,18,Miami,C1F18,Miami,6/17/2011,6/15/2011,NA,NA,NA,NA,NA,NA,NA,NA,NA,no,yes,NA
667,18,Miami,C1F19,Miami,6/17/2011,6/15/2011,NA,NA,NA,NA,NA,NA,NA,NA,NA,no,yes,NA
668,18,Miami,C1F19,Miami,6/17/2011,6/15/2011,6/27/2011,NA,NA,NA,NA,NA,NA,NA,NA,no,yes,NA
670,18,Miami,Control,Miami,6/17/2011,6/15/2011,6/27/2011,NA,NA,NA,NA,NA,NA,NA,NA,no,no,NA
672,18,Miami,C1F20,Miami,6/18/2011,6/16/2011,NA,NA,NA,NA,NA,NA,NA,NA,NA,no,yes,NA
674,18,Miami,C1F20,Miami,6/18/2011,6/16/2011,NA,NA,NA,NA,NA,NA,NA,NA,NA,no,yes,NA
676,18,Miami,C1F20,Miami,6/18/2011,6/16/2011,NA,NA,NA,NA,NA,NA,NA,NA,NA,no,yes,NA
677,18,Miami,C1F20,Miami,6/18/2011,6/16/2011,NA,NA,NA,NA,NA,NA,NA,NA,NA,no,yes,NA
681,18,Miami,C1F21,Miami,6/18/2011,6/16/2011,NA,NA,NA,NA,NA,NA,NA,NA,NA,no,yes,NA
684,18,Miami,C1F21,Miami,6/18/2011,6/16/2011,6/29/2011,NA,NA,NA,NA,NA,NA,NA,NA,no,yes,NA
687,18,Miami,C1F21,Miami,6/18/2011,6/16/2011,NA,NA,NA,NA,NA,NA,NA,NA,NA,no,yes,NA
689,18,Miami,C1F21,Miami,6/18/2011,6/16/2011,NA,NA,NA,NA,NA,NA,NA,NA,NA,no,yes,NA
690,18,Miami,Control,Miami,6/18/2011,6/16/2011,NA,NA,NA,NA,NA,NA,NA,NA,NA,no,no,NA
691,18,Miami,C1F22,Miami,6/18/2011,6/16/2011,6/26/2011,1,NA,NA,NA,NA,NA,NA,NA,no,yes,NA
695,18,Miami,C1F22,Miami,6/18/2011,6/16/2011,NA,NA,NA,NA,NA,NA,NA,NA,NA,no,yes,NA
698,18,Miami,C1F22,Miami,6/18/2011,6/16/2011,NA,NA,NA,NA,NA,NA,NA,NA,NA,no,yes,NA
704,19,Miami,C1E23,Eastern10,6/19/2011,6/17/2011,NA,NA,NA,NA,NA,NA,NA,NA,NA,no,yes,NA
720,19,Miami,Control,Eastern10,6/19/2011,6/17/2011,NA,NA,NA,NA,NA,NA,NA,NA,NA,no,no,NA
722,19,Miami,C1E26,Eastern10,6/19/2011,6/17/2011,NA,NA,NA,NA,NA,NA,NA,NA,NA,no,yes,NA
724,19,Miami,C1E26,Eastern10,6/20/2011,6/18/2011,NA,NA,NA,NA,NA,NA,NA,NA,NA,no,yes,NA
733,19,Miami,C1E27,Eastern10,6/20/2011,6/18/2011,NA,NA,NA,NA,NA,NA,NA,NA,NA,no,yes,NA
735,19,Miami,C1E27,Eastern10,6/20/2011,6/18/2011,NA,NA,NA,NA,NA,NA,NA,NA,NA,no,yes,NA
737,19,Miami,C1E27,Eastern10,6/20/2011,6/18/2011,NA,NA,NA,NA,NA,NA,NA,NA,NA,no,yes,NA
743,19,Miami,C1E28,Eastern10,6/20/2011,6/18/2011,NA,NA,NA,NA,NA,NA,NA,NA,NA,no,yes,NA
752,19,Miami,C1F18,Miami,6/19/2011,6/17/2011,6/29/2011,2,NA,NA,NA,NA,NA,NA,NA,no,yes,NA
753,19,Miami,C1F18,Miami,6/19/2011,6/17/2011,NA,NA,NA,NA,NA,NA,NA,NA,NA,no,yes,NA
771,19,Miami,C1F20,Miami,6/20/2011,6/18/2011,NA,NA,NA,NA,NA,NA,NA,NA,NA,no,yes,NA
772,19,Miami,C1F20,Miami,6/20/2011,6/18/2011,NA,NA,NA,NA,NA,NA,NA,NA,NA,no,yes,NA
779,19,Miami,C1F20,Miami,6/20/2011,6/18/2011,NA,NA,NA,NA,NA,NA,NA,NA,NA,no,yes,NA
783,19,Miami,C1F21,Miami,6/19/2011,6/17/2011,NA,NA,NA,NA,NA,NA,NA,NA,NA,no,yes,NA
786,19,Miami,C1F21,Miami,6/19/2011,6/17/2011,NA,NA,NA,NA,NA,NA,NA,NA,NA,no,yes,NA
794,19,Miami,C1F22,Miami,6/20/2011,6/18/2011,6/30/2011,5,NA,NA,NA,NA,NA,NA,NA,no,yes,NA
10,12,Eastern10,Control,Eastern10,5/14/2011,5/12/2011,5/23/2011,0,5/31/2011,f,0.771,6/29/2011,29,0,0,yes,no,no
20,12,Eastern10,Control,Eastern10,5/14/2011,5/12/2011,5/23/2011,0,6/1/2011,m,0.6469,6/25/2011,24,0,0,yes,no,no
30,12,Eastern10,Control,Eastern10,5/14/2011,5/12/2011,5/22/2011,0,5/30/2011,f,0.651,6/23/2011,24,0,0,yes,no,no
40,12,Eastern10,Control,Eastern10,5/14/2011,5/12/2011,5/23/2011,0,5/31/2011,f,0.7254,6/24/2011,24,0,0,yes,no,no
60,12,Eastern10,Control,Miami,5/15/2011,5/13/2011,5/25/2011,0,6/2/2011,f,0.9475,7/2/2011,30,0,0,yes,no,no
70,12,Eastern10,Control,Miami,5/15/2011,5/13/2011,5/24/2011,0,6/1/2011,m,0.9806,6/24/2011,23,0,0,yes,no,no
80,12,Eastern10,Control,Miami,5/15/2011,5/13/2011,5/23/2011,0,5/31/2011,f,0.9368,6/25/2011,25,0,0,yes,no,no
90,12,Eastern10,Control,Miami,5/15/2011,5/13/2011,5/25/2011,0,6/2/2011,f,0.7525,6/27/2011,25,0,0,yes,no,no
100,12,Eastern10,Control,Miami,5/14/2011,5/12/2011,5/26/2011,0,6/4/2011,f,0.556,6/26/2011,22,0,0,yes,no,no
110,13,Eastern10,Control,Eastern10,5/15/2011,5/13/2011,5/24/2011,0,6/2/2011,m,0.7145,7/6/2011,34,0,0,yes,no,no
120,13,Eastern10,Control,Eastern10,5/15/2011,5/13/2011,5/23/2011,0,6/1/2011,m,0.692,6/25/2011,24,0,0,yes,no,no
130,13,Eastern10,Control,Eastern10,5/15/2011,5/13/2011,5/23/2011,0,6/1/2011,m,0.6967,6/24/2011,23,0,0,yes,no,no
131,13,Eastern10,C1E27,Eastern10,5/15/2011,5/13/2011,5/25/2011,0,6/2/2011,f,0.549,6/23/2011,21,0,0,yes,yes,no
135,13,Eastern10,C1E27,Eastern10,5/15/2011,5/13/2011,5/24/2011,0,6/1/2011,f,0.6627,6/25/2011,24,0,0,yes,yes,no
140,13,Eastern10,Control,Eastern10,5/15/2011,5/13/2011,5/24/2011,0,6/1/2011,f,0.75,6/25/2011,24,0,0,yes,no,no
150,13,Eastern10,Control,Eastern10,5/15/2011,5/13/2011,5/24/2011,NA,6/1/2011,f,0.6169,6/18/2011,17,0,0,yes,no,no
160,13,Eastern10,Control,Miami,5/15/2011,5/13/2011,5/27/2011,0,6/4/2011,m,0.5523,6/22/2011,18,0,0,yes,no,no
170,13,Eastern10,Control,Miami,5/15/2011,5/13/2011,5/26/2011,0,6/3/2011,m,0.6995,6/21/2011,18,0,0,yes,no,no
190,13,Eastern10,Control,Miami,5/15/2011,5/12/2011,5/24/2011,0,6/2/2011,m,0.6844,6/26/2011,24,0,0,yes,no,no
200,13,Eastern10,Control,Miami,5/15/2011,5/12/2011,5/25/2011,0,6/3/2011,m,0.6679,6/25/2011,22,0,0,yes,no,no
210,14,Eastern10,Control,Eastern10,5/16/2011,5/14/2011,5/26/2011,0,6/3/2011,m,0.6491,6/25/2011,22,0,0,yes,no,no
230,14,Eastern10,Control,Eastern10,5/16/2011,5/14/2011,5/26/2011,0,6/3/2011,f,0.6813,6/29/2011,26,0,0,yes,no,no
240,14,Eastern10,Control,Eastern10,5/16/2011,5/15/2011,5/25/2011,0,6/2/2011,f,0.4947,6/23/2011,21,0,0,yes,no,no
250,14,Eastern10,Control,Eastern10,5/16/2011,5/15/2011,5/25/2011,0,6/2/2011,m,0.9173,6/25/2011,23,0,0,yes,no,no
260,14,Eastern10,Control,Miami,5/16/2011,5/15/2011,5/26/2011,0,6/3/2011,m,0.7619,6/26/2011,23,0,0,yes,no,no
270,14,Eastern10,Control,Miami,5/16/2011,5/15/2011,5/26/2011,0,6/3/2011,m,0.595,6/20/2011,17,0,0,yes,no,no
310,15,Eastern10,Control,Eastern10,5/16/2011,5/14/2011,5/25/2011,0,6/2/2011,f,0.5432,6/19/2011,17,0,0,yes,no,no
320,15,Eastern10,Control,Eastern10,5/17/2011,5/15/2011,5/25/2011,0,6/3/2011,m,0.7444,6/25/2011,22,0,0,yes,no,no
330,15,Eastern10,Control,Eastern10,5/17/2011,5/15/2011,5/26/2011,0,6/3/2011,f,0.6135,6/21/2011,18,0,0,yes,no,no
350,15,Eastern10,Control,Eastern10,5/17/2011,5/16/2011,5/27/2011,0,6/5/2011,m,0.5826,6/26/2011,21,0,0,yes,no,no
360,15,Eastern10,Control,Miami,5/16/2011,5/14/2011,5/25/2011,0,6/2/2011,m,0.7273,6/22/2011,20,0,0,yes,no,no
370,15,Eastern10,Control,Miami,5/17/2011,5/15/2011,5/25/2011,0,6/3/2011,m,0.6334,6/24/2011,21,0,0,yes,no,no
380,15,Eastern10,Control,Miami,5/17/2011,5/15/2011,5/25/2011,0,6/3/2011,m,0.614,6/20/2011,17,0,0,yes,no,no
385,15,Eastern10,C1F21,Miami,5/18/2011,5/16/2011,5/28/2011,0,6/5/2011,m,0.4897,6/17/2011,12,0,0,yes,yes,no
390,15,Eastern10,Control,Miami,5/18/2011,5/16/2011,5/27/2011,0,6/4/2011,f,0.47719,6/20/2011,16,0,0,yes,no,no
400,15,Eastern10,Control,Miami,5/18/2011,5/16/2011,5/29/2011,0,6/6/2011,f,0.651,6/29/2011,23,0,0,yes,no,no
410,16,Eastern10,Control,Eastern10,5/17/2011,5/13/2011,5/26/2011,0,6/4/2011,f,0.6139,6/25/2011,21,0,0,yes,no,no
450,16,Eastern10,Control,Eastern10,5/18/2011,5/16/2011,5/28/2011,0,6/5/2011,f,0.6275,6/23/2011,18,0,0,yes,no,no
461,16,Eastern10,C1F19,Miami,5/17/2011,5/15/2011,5/25/2011,0,6/2/2011,f,0.6702,6/21/2011,19,0,0,yes,yes,no
480,16,Eastern10,Control,Miami,5/18/2011,5/16/2011,5/28/2011,0,6/5/2011,m,0.6827,6/24/2011,19,0,0,yes,no,no
520,17,Miami,Control,Eastern10,6/17/2011,6/15/2011,6/26/2011,0,7/4/2011,f,0.6911,7/16/2011,12,0,0,yes,no,no
523,17,Miami,C1E26,Eastern10,6/18/2011,6/16/2011,6/28/2011,0,7/6/2011,f,0.6707,7/14/2011,8,0,0,yes,yes,no
525,17,Miami,C1E26,Eastern10,6/18/2011,6/16/2011,6/27/2011,0,7/6/2011,m,0.6741,7/16/2011,10,0,0,yes,yes,no
527,17,Miami,C1E26,Eastern10,6/18/2011,6/16/2011,6/26/2011,NA,7/10/2011,f,0.6444,7/20/2011,10,0,0,yes,yes,no
530,17,Miami,Control,Eastern10,6/18/2011,6/16/2011,6/29/2011,NA,7/6/2011,f,0.3662,7/15/2011,9,0,0,yes,no,no
538,17,Miami,C1E27,Eastern10,6/18/2011,6/16/2011,6/28/2011,0,7/6/2011,m,0.5401,7/16/2011,10,0,0,yes,yes,no
540,17,Miami,Control,Eastern10,6/18/2011,6/16/2011,6/28/2011,0,7/6/2011,m,0.5316,7/18/2011,12,0,0,yes,no,no
550,17,Miami,Control,Eastern10,6/18/2011,6/16/2011,6/28/2011,0,7/6/2011,m,0.5917,7/15/2011,9,0,0,yes,no,no
551,17,Miami,C1F18,Miami,6/17/2011,6/15/2011,6/27/2011,0,7/5/2011,m,0.7921,7/14/2011,9,0,0,yes,yes,no
553,17,Miami,C1F18,Miami,6/17/2011,6/15/2011,6/27/2011,0,7/5/2011,m,0.6263,7/16/2011,11,0,0,yes,yes,no
579,17,Miami,C1F20,Miami,6/18/2011,6/16/2011,6/30/2011,NA,7/8/2011,m,0.5415,7/17/2011,9,0,0,yes,yes,no
580,17,Miami,Control,Miami,6/18/2011,6/16/2011,6/27/2011,0,7/5/2011,m,0.6661,7/18/2011,13,0,0,yes,no,no
583,17,Miami,C1F21,Miami,6/18/2011,6/16/2011,6/28/2011,1,7/6/2011,m,0.6792,7/16/2011,10,0,0,yes,yes,no
591,17,Miami,C1F22,Miami,6/18/2011,6/16/2011,6/28/2011,0,7/7/2011,f,0.7268,7/20/2011,13,0,0,yes,yes,no
600,17,Miami,Control,Miami,6/18/2011,6/16/2011,6/30/2011,0,7/8/2011,m,0.7919,7/18/2011,10,0,0,yes,no,no
620,18,Miami,Control,Eastern10,6/17/2011,6/15/2011,6/26/2011,0,7/4/2011,m,0.6354,7/19/2011,15,0,0,yes,no,no
626,18,Miami,C1E26,Eastern10,6/18/2011,6/16/2011,6/28/2011,1,7/6/2011,m,0.556,7/16/2011,10,0,0,yes,yes,no
628,18,Miami,C1E26,Eastern10,6/18/2011,6/16/2011,6/28/2011,0,7/6/2011,m,0.5405,7/18/2011,12,0,0,yes,yes,no
635,18,Miami,C1E27,Eastern10,6/18/2011,6/16/2011,6/28/2011,0,7/6/2011,m,0.4983,7/16/2011,10,0,0,yes,yes,no
640,18,Miami,Control,Eastern10,6/18/2011,6/16/2011,6/28/2011,0,7/6/2011,m,0.6438,7/14/2011,8,0,0,yes,no,no
647,18,Miami,C1E28,Eastern10,6/18/2011,6/16/2011,6/28/2011,NA,7/5/2011,f,0.5095,7/15/2011,10,0,0,yes,yes,no
649,18,Miami,C1E28,Eastern10,6/18/2011,6/16/2011,6/28/2011,1,7/6/2011,f,0.4742,7/16/2011,10,0,0,yes,yes,no
650,18,Miami,Control,Eastern10,6/18/2011,6/16/2011,6/28/2011,NA,7/5/2011,f,0.4884,7/16/2011,11,0,0,yes,no,no
660,18,Miami,Control,Miami,6/17/2011,6/15/2011,6/26/2011,0,7/4/2011,f,0.5878,7/16/2011,12,0,0,yes,no,no
663,18,Miami,C1F19,Miami,6/17/2011,6/15/2011,6/27/2011,0,7/5/2011,f,0.5266,7/15/2011,10,0,0,yes,yes,no
680,18,Miami,Control,Miami,6/18/2011,6/16/2011,6/29/2011,0,7/7/2011,m,0.584,7/20/2011,13,0,0,yes,no,no
682,18,Miami,C1F21,Miami,6/18/2011,6/16/2011,6/28/2011,0,7/6/2011,f,0.4217,7/16/2011,10,0,0,yes,yes,no
685,18,Miami,C1F21,Miami,6/18/2011,6/16/2011,6/30/2011,0,7/8/2011,f,0.3518,7/18/2011,10,0,0,yes,yes,no
694,18,Miami,C1F22,Miami,6/18/2011,6/16/2011,6/27/2011,0,7/5/2011,m,0.7238,7/20/2011,15,0,0,yes,yes,no
700,18,Miami,Control,Miami,6/18/2011,6/16/2011,6/28/2011,0,7/6/2011,m,0.4441,7/18/2011,12,0,0,yes,no,no
710,19,Miami,Control,Eastern10,6/19/2011,6/17/2011,7/1/2011,0,7/9/2011,m,0.6188,7/30/2011,21,0,0,yes,no,no
725,19,Miami,C1E26,Eastern10,6/20/2011,6/18/2011,6/30/2011,0,7/8/2011,f,0.5591,7/29/2011,21,0,0,yes,yes,no
730,19,Miami,Control,Eastern10,6/20/2011,6/18/2011,6/29/2011,1,7/7/2011,f,0.4973,7/29/2011,22,0,0,yes,no,no
740,19,Miami,Control,Eastern10,6/20/2011,6/18/2011,6/29/2011,0,7/7/2011,f,0.4461,7/24/2011,17,0,0,yes,no,no
750,19,Miami,Control,Eastern10,6/20/2011,6/18/2011,6/30/2011,0,7/8/2011,m,0.5754,7/31/2011,23,0,0,yes,no,no
759,19,Miami,C1F18,Miami,6/19/2011,6/17/2011,6/28/2011,0,7/6/2011,m,0.5512,7/27/2011,21,0,0,yes,yes,no
760,19,Miami,Control,Miami,6/19/2011,6/17/2011,6/29/2011,0,7/7/2011,f,0.5416,7/28/2011,21,0,0,yes,no,no
770,19,Miami,Control,Miami,6/20/2011,6/18/2011,6/30/2011,0,7/8/2011,f,0.4219,7/24/2011,16,0,0,yes,no,no
780,19,Miami,Control,Miami,6/20/2011,6/18/2011,6/30/2011,0,7/8/2011,m,0.5656,7/27/2011,19,0,0,yes,no,no
790,19,Miami,Control,Miami,6/19/2011,6/17/2011,7/1/2011,0,7/9/2011,m,0.6697,7/27/2011,18,0,0,yes,no,no
800,19,Miami,Control,Miami,6/20/2011,6/18/2011,6/29/2011,0,7/7/2011,f,0.4479,7/23/2011,16,0,0,yes,no,no
1,12,Eastern10,C1E23,Eastern10,5/14/2011,5/12/2011,5/24/2011,3,6/1/2011,f,0.7599,6/16/2011,15,5.146131138,374.1657388,yes,yes,yes
2,12,Eastern10,C1E23,Eastern10,5/14/2011,5/12/2011,5/23/2011,3,5/31/2011,f,0.9154,6/12/2011,12,5.879383211,870.3447598,yes,yes,yes
3,12,Eastern10,C1E23,Eastern10,5/14/2011,5/12/2011,5/24/2011,2,6/1/2011,f,0.7454,6/17/2011,16,5.531480194,583.0951892,yes,yes,yes
4,12,Eastern10,C1E23,Eastern10,5/14/2011,5/12/2011,5/23/2011,3,6/1/2011,m,0.6534,6/15/2011,14,5.709694717,715.8910531,yes,yes,yes
5,12,Eastern10,C1E23,Eastern10,5/14/2011,5/12/2011,5/26/2011,3,6/3/2011,m,0.7153,6/16/2011,13,5.451019989,531.5072903,yes,yes,yes
6,12,Eastern10,C1E23,Eastern10,5/14/2011,5/12/2011,5/24/2011,4,6/1/2011,f,0.6958,6/12/2011,11,5.585461858,620.4836826,yes,yes,yes
7,12,Eastern10,C1E23,Eastern10,5/14/2011,5/12/2011,5/24/2011,3,6/1/2011,f,0.7855,6/11/2011,10,5.454846384,533.8539127,yes,yes,yes
8,12,Eastern10,C1E23,Eastern10,5/14/2011,5/12/2011,5/23/2011,3,5/31/2011,m,0.9214,6/11/2011,11,5.864808222,855.8621385,yes,yes,yes
9,12,Eastern10,C1E23,Eastern10,5/14/2011,5/12/2011,5/23/2011,4,5/31/2011,f,0.8223,6/7/2011,7,5.945715206,939.4147112,yes,yes,yes
11,12,Eastern10,C1E25,Eastern10,5/14/2011,5/12/2011,5/24/2011,5,6/1/2011,m,0.6491,6/10/2011,9,5.750123299,750.0000001,yes,yes,yes
12,12,Eastern10,C1E25,Eastern10,5/14/2011,5/12/2011,5/23/2011,4,6/1/2011,m,0.5706,6/9/2011,8,6.411619874,1606.23784,yes,yes,yes
13,12,Eastern10,C1E25,Eastern10,5/14/2011,5/12/2011,5/22/2011,2,5/31/2011,f,0.6408,6/8/2011,8,5.922985334,915.1502606,yes,yes,yes
14,12,Eastern10,C1E25,Eastern10,5/14/2011,5/12/2011,5/23/2011,3,6/1/2011,m,0.7106,6/9/2011,8,6.139879401,1174.734012,yes,yes,yes
15,12,Eastern10,C1E25,Eastern10,5/14/2011,5/12/2011,5/23/2011,5,6/1/2011,m,0.6414,6/9/2011,8,5.95904187,953.9392019,yes,yes,yes
16,12,Eastern10,C1E25,Eastern10,5/14/2011,5/12/2011,5/23/2011,3,6/1/2011,m,0.6665,6/9/2011,8,6.170262009,1216.552506,yes,yes,yes
17,12,Eastern10,C1E25,Eastern10,5/14/2011,5/12/2011,5/24/2011,3,6/1/2011,m,0.8861,6/9/2011,8,6.088136443,1106.797181,yes,yes,yes
18,12,Eastern10,C1E25,Eastern10,5/14/2011,5/12/2011,5/23/2011,4,5/31/2011,f,0.8023,6/10/2011,10,5.676694524,689.2024377,yes,yes,yes
19,12,Eastern10,C1E25,Eastern10,5/14/2011,5/12/2011,5/25/2011,5,6/2/2011,f,0.524,6/8/2011,6,6.110590047,1135.781669,yes,yes,yes
21,12,Eastern10,C1E26,Eastern10,5/14/2011,5/12/2011,5/24/2011,4,6/1/2011,f,0.7455,6/11/2011,10,5.924279803,916.5151389,yes,yes,yes
22,12,Eastern10,C1E26,Eastern10,5/14/2011,5/12/2011,5/24/2011,4,6/2/2011,m,0.5389,6/9/2011,7,5.816241963,809.3207028,yes,yes,yes
23,12,Eastern10,C1E26,Eastern10,5/14/2011,5/12/2011,5/24/2011,5,6/1/2011,f,0.6382,6/10/2011,9,6.096040902,1116.915395,yes,yes,yes
24,12,Eastern10,C1E26,Eastern10,5/14/2011,5/12/2011,5/23/2011,4,6/1/2011,m,0.6299,6/10/2011,9,5.713911193,719.3747282,yes,yes,yes
25,12,Eastern10,C1E26,Eastern10,5/14/2011,5/12/2011,5/23/2011,3,5/31/2011,m,1.1561,6/11/2011,11,5.224017404,409.2676385,yes,yes,yes
26,12,Eastern10,C1E26,Eastern10,5/14/2011,5/12/2011,5/24/2011,3,6/2/2011,m,0.7133,6/14/2011,12,5.822822298,815.4753212,yes,yes,yes
27,12,Eastern10,C1E26,Eastern10,5/14/2011,5/12/2011,5/27/2011,5,6/4/2011,m,0.6563,6/12/2011,8,5.674402732,687.3863543,yes,yes,yes
28,12,Eastern10,C1E26,Eastern10,5/14/2011,5/12/2011,5/23/2011,3,6/1/2011,m,0.6732,6/11/2011,10,5.469823488,543.1390245,yes,yes,yes
29,12,Eastern10,C1E26,Eastern10,5/14/2011,5/12/2011,5/23/2011,4,6/1/2011,m,0.5757,6/10/2011,9,5.681242142,692.8203229,yes,yes,yes
31,12,Eastern10,C1E27,Eastern10,5/14/2011,5/12/2011,5/23/2011,3,5/31/2011,f,0.9073,6/5/2011,5,6.392257337,1570.827807,yes,yes,yes
32,12,Eastern10,C1E27,Eastern10,5/17/2011,5/15/2011,5/25/2011,3,6/3/2011,m,0.6651,6/11/2011,8,5.565258525,606.2177825,yes,yes,yes
33,12,Eastern10,C1E27,Eastern10,5/14/2011,5/12/2011,5/23/2011,5,5/31/2011,f,0.7747,6/5/2011,5,5.966142202,961.7692028,yes,yes,yes
34,12,Eastern10,C1E27,Eastern10,5/14/2011,5/12/2011,5/23/2011,4,5/31/2011,m,0.7911,6/6/2011,6,5.521792956,576.6281299,yes,yes,yes
35,12,Eastern10,C1E27,Eastern10,5/14/2011,5/12/2011,5/24/2011,3,6/1/2011,m,0.7755,6/13/2011,12,5.42732541,517.2040217,yes,yes,yes
36,12,Eastern10,C1E27,Eastern10,5/14/2011,5/12/2011,5/23/2011,3,5/31/2011,m,0.5281,6/11/2011,11,5.837273334,829.1561974,yes,yes,yes
38,12,Eastern10,C1E27,Eastern10,5/14/2011,5/12/2011,5/23/2011,4,5/31/2011,f,0.7748,6/9/2011,9,6.453700626,1685.97153,yes,yes,yes
39,12,Eastern10,C1E27,Eastern10,5/14/2011,5/12/2011,5/25/2011,4,6/2/2011,f,0.5659,6/10/2011,8,6.162863292,1206.233808,yes,yes,yes
41,12,Eastern10,C1E28,Eastern10,5/14/2011,5/12/2011,5/22/2011,2,5/30/2011,f,0.647,6/6/2011,7,6.452936023,1684.488052,yes,yes,yes
42,12,Eastern10,C1E28,Eastern10,5/14/2011,5/12/2011,5/22/2011,3,5/31/2011,m,0.7245,6/7/2011,7,6.597695296,1989.974875,yes,yes,yes
43,12,Eastern10,C1E28,Eastern10,5/14/2011,5/12/2011,5/24/2011,4,6/1/2011,m,0.8254,6/9/2011,8,6.658488477,2134.244598,yes,yes,yes
44,12,Eastern10,C1E28,Eastern10,5/14/2011,5/12/2011,5/23/2011,4,5/31/2011,m,0.9152,6/7/2011,7,5.955447692,950.0000002,yes,yes,yes
45,12,Eastern10,C1E28,Eastern10,5/14/2011,5/12/2011,5/24/2011,2,6/1/2011,m,0.9213,6/10/2011,9,6.520811062,1821.400559,yes,yes,yes
46,12,Eastern10,C1E28,Eastern10,5/14/2011,5/12/2011,5/23/2011,2,6/1/2011,m,0.7147,6/8/2011,7,5.505151335,565.6854246,yes,yes,yes
47,12,Eastern10,C1E28,Eastern10,5/14/2011,5/12/2011,5/24/2011,3,6/1/2011,f,0.7388,6/10/2011,9,6.151523374,1190.58809,yes,yes,yes
48,12,Eastern10,C1E28,Eastern10,5/14/2011,5/12/2011,5/23/2011,2,6/1/2011,m,0.6214,6/7/2011,6,6.347817908,1492.481156,yes,yes,yes
49,12,Eastern10,C1E28,Eastern10,5/15/2011,5/13/2011,5/23/2011,4,5/31/2011,f,0.7775,6/11/2011,11,5.795880712,790.5694148,yes,yes,yes
50,12,Eastern10,Control,Eastern10,5/15/2011,5/13/2011,5/24/2011,2,6/1/2011,f,0.794,6/24/2011,23,6.122216206,1151.086443,yes,no,yes
51,12,Eastern10,C1F18,Miami,5/15/2011,5/13/2011,5/24/2011,4,6/1/2011,f,0.6349,6/9/2011,8,6.156094934,1196.870921,yes,yes,yes
52,12,Eastern10,C1F18,Miami,5/15/2011,5/13/2011,5/25/2011,4,6/3/2011,m,0.6995,6/10/2011,7,5.625827741,649.9999999,yes,yes,yes
53,12,Eastern10,C1F18,Miami,5/15/2011,5/13/2011,5/24/2011,5,6/2/2011,f,0.5548,6/9/2011,7,5.90579642,897.2179224,yes,yes,yes
54,12,Eastern10,C1F18,Miami,5/15/2011,5/13/2011,5/24/2011,2,6/1/2011,f,0.6695,6/16/2011,15,5.290036839,441.5880436,yes,yes,yes
55,12,Eastern10,C1F18,Miami,5/15/2011,5/13/2011,5/25/2011,3,6/2/2011,m,0.505,6/9/2011,7,5.864808222,855.8621385,yes,yes,yes
56,12,Eastern10,C1F18,Miami,5/15/2011,5/13/2011,5/25/2011,3,6/2/2011,m,0.7507,6/11/2011,9,5.384713534,492.4428902,yes,yes,yes
57,12,Eastern10,C1F18,Miami,5/15/2011,5/13/2011,5/23/2011,2,6/1/2011,m,0.6536,6/8/2011,7,5.85125896,842.6149769,yes,yes,yes
58,12,Eastern10,C1F18,Miami,5/15/2011,5/13/2011,5/23/2011,4,6/1/2011,m,0.653,6/10/2011,9,5.811240443,804.6738465,yes,yes,yes
59,12,Eastern10,C1F18,Miami,5/15/2011,5/13/2011,5/24/2011,1,6/1/2011,m,0.9129,6/20/2011,19,4.889307306,278.3882181,yes,yes,yes
61,12,Eastern10,C1F19,Miami,5/15/2011,5/13/2011,5/25/2011,3,6/3/2011,f,0.7538,6/10/2011,7,6.000000434,999.9999997,yes,yes,yes
62,12,Eastern10,C1F19,Miami,5/15/2011,5/13/2011,5/23/2011,4,6/1/2011,f,0.5635,6/10/2011,9,6.101231731,1123.610253,yes,yes,yes
63,12,Eastern10,C1F19,Miami,5/15/2011,5/13/2011,5/24/2011,3,6/1/2011,f,0.6707,6/12/2011,11,5.633469466,655.7438528,yes,yes,yes
64,12,Eastern10,C1F19,Miami,5/15/2011,5/13/2011,5/24/2011,4,6/1/2011,f,0.7372,6/9/2011,8,6.106361249,1130.265456,yes,yes,yes
65,12,Eastern10,C1F19,Miami,5/15/2011,5/13/2011,5/24/2011,5,6/2/2011,f,0.554,6/8/2011,6,6.277036118,1375.68165,yes,yes,yes
66,12,Eastern10,C1F19,Miami,5/15/2011,5/13/2011,5/24/2011,3,6/1/2011,m,1.0825,6/15/2011,14,5.755875618,754.9834439,yes,yes,yes
67,12,Eastern10,C1F19,Miami,5/15/2011,5/13/2011,5/24/2011,4,6/2/2011,m,0.6922,6/15/2011,13,5.402263102,502.4937808,yes,yes,yes
69,12,Eastern10,C1F19,Miami,5/15/2011,5/13/2011,5/27/2011,3,6/5/2011,m,0.6333,6/11/2011,6,5.707571028,714.1428431,yes,yes,yes
71,12,Eastern10,C1F20,Miami,5/15/2011,5/13/2011,5/25/2011,3,6/2/2011,m,0.7852,6/11/2011,9,5.562294054,604.1522985,yes,yes,yes
72,12,Eastern10,C1F20,Miami,5/15/2011,5/13/2011,5/25/2011,5,6/2/2011,f,0.6669,6/7/2011,5,5.976579677,973.3961167,yes,yes,yes
73,12,Eastern10,C1F20,Miami,5/15/2011,5/13/2011,5/23/2011,3,5/31/2011,f,0.8366,6/9/2011,9,6.313867431,1435.270009,yes,yes,yes
74,12,Eastern10,C1F20,Miami,5/15/2011,5/13/2011,5/24/2011,4,6/1/2011,f,0.68,6/10/2011,9,6.731790234,2322.175703,yes,yes,yes
75,12,Eastern10,C1F20,Miami,5/15/2011,5/13/2011,5/24/2011,NA,6/1/2011,f,0.5424,6/6/2011,5,5.802774409,796.8688723,yes,yes,yes
76,12,Eastern10,C1F20,Miami,5/15/2011,5/13/2011,5/24/2011,3,6/1/2011,f,0.6889,6/8/2011,7,5.361729724,479.5831522,yes,yes,yes
78,12,Eastern10,C1F20,Miami,5/15/2011,5/13/2011,5/23/2011,3,5/31/2011,m,0.4739,6/9/2011,9,5.518515256,574.4562647,yes,yes,yes
79,12,Eastern10,C1F20,Miami,5/15/2011,5/13/2011,5/24/2011,5,6/1/2011,f,0.5002,6/6/2011,5,5.896251114,887.4119675,yes,yes,yes
81,12,Eastern10,C1F21,Miami,5/15/2011,5/13/2011,5/24/2011,4,6/1/2011,m,0.6086,6/7/2011,6,5.662758776,678.2329985,yes,yes,yes
82,12,Eastern10,C1F21,Miami,5/15/2011,5/13/2011,5/24/2011,2,6/1/2011,f,0.8001,6/8/2011,7,6.064458364,1077.032962,yes,yes,yes
83,12,Eastern10,C1F21,Miami,5/15/2011,5/13/2011,5/23/2011,5,6/1/2011,m,0.6436,6/10/2011,9,6.536874075,1855.397531,yes,yes,yes
84,12,Eastern10,C1F21,Miami,5/15/2011,5/13/2011,5/24/2011,3,6/2/2011,m,0.6318,6/13/2011,11,5.662758776,678.2329985,yes,yes,yes
85,12,Eastern10,C1F21,Miami,5/15/2011,5/13/2011,5/24/2011,4,6/1/2011,f,0.632,6/8/2011,7,5.982271685,979.7958966,yes,yes,yes
86,12,Eastern10,C1F21,Miami,5/15/2011,5/13/2011,5/25/2011,4,6/2/2011,m,0.7492,6/9/2011,7,6.4709249,1719.738352,yes,yes,yes
87,12,Eastern10,C1F21,Miami,5/15/2011,5/13/2011,5/25/2011,3,6/2/2011,f,0.7832,6/9/2011,7,6.793615864,2493.491529,yes,yes,yes
88,12,Eastern10,C1F21,Miami,5/15/2011,5/13/2011,5/24/2011,4,6/1/2011,m,0.8008,6/9/2011,8,5.995635633,994.9874368,yes,yes,yes
89,12,Eastern10,C1F21,Miami,5/15/2011,5/13/2011,5/25/2011,4,6/2/2011,f,0.704,6/9/2011,7,6.584896457,1960.867155,yes,yes,yes
91,12,Eastern10,C1F22,Miami,5/15/2011,5/13/2011,5/26/2011,5,6/3/2011,f,0.6578,6/10/2011,7,5.896251114,887.4119675,yes,yes,yes
92,12,Eastern10,C1F22,Miami,5/15/2011,5/13/2011,5/26/2011,3,6/3/2011,f,0.6625,6/12/2011,9,5.962606546,957.8622027,yes,yes,yes
93,12,Eastern10,C1F22,Miami,5/15/2011,5/12/2011,5/24/2011,4,6/1/2011,m,0.867,6/8/2011,7,5.901731236,893.0285547,yes,yes,yes
94,12,Eastern10,C1F22,Miami,5/15/2011,5/12/2011,5/24/2011,4,6/2/2011,m,0.6034,6/8/2011,6,6.242417433,1321.930407,yes,yes,yes
95,12,Eastern10,C1F22,Miami,5/15/2011,5/12/2011,5/24/2011,4,6/2/2011,m,0.6585,6/8/2011,6,5.574032426,612.3724358,yes,yes,yes
96,12,Eastern10,C1F22,Miami,5/15/2011,5/12/2011,5/25/2011,5,6/2/2011,f,0.7007,6/9/2011,7,5.950608711,944.722181,yes,yes,yes
97,12,Eastern10,C1F22,Miami,5/15/2011,5/12/2011,5/24/2011,3,6/2/2011,m,0.6429,6/13/2011,11,5.24304053,418.3300131,yes,yes,yes
98,12,Eastern10,C1F22,Miami,5/15/2011,5/12/2011,5/25/2011,4,6/3/2011,m,0.6618,6/8/2011,5,6.742921501,2352.126697,yes,yes,yes
99,12,Eastern10,C1F22,Miami,5/15/2011,5/12/2011,5/24/2011,3,6/2/2011,m,0.6721,6/12/2011,10,5.97197174,968.2458369,yes,yes,yes
101,13,Eastern10,C1E23,Eastern10,5/14/2011,5/12/2011,5/24/2011,3,6/2/2011,m,0.6465,6/16/2011,14,4.39795738,158.113883,yes,yes,yes
102,13,Eastern10,C1E23,Eastern10,5/14/2011,5/12/2011,5/23/2011,3,6/1/2011,m,0.5946,6/10/2011,9,5.827692934,820.0609729,yes,yes,yes
103,13,Eastern10,C1E23,Eastern10,5/14/2011,5/12/2011,5/24/2011,4,6/1/2011,m,0.7952,6/12/2011,11,5.041396633,331.6624789,yes,yes,yes
104,13,Eastern10,C1E23,Eastern10,5/14/2011,5/12/2011,5/25/2011,3,6/3/2011,m,0.6514,6/14/2011,11,5.875061842,866.0254033,yes,yes,yes
105,13,Eastern10,C1E23,Eastern10,5/14/2011,5/12/2011,5/23/2011,3,6/1/2011,m,0.6647,6/14/2011,13,5.824451921,817.0067322,yes,yes,yes
106,13,Eastern10,C1E23,Eastern10,5/14/2011,5/12/2011,5/24/2011,4,6/1/2011,f,0.7066,6/10/2011,9,5.779957772,776.2087348,yes,yes,yes
107,13,Eastern10,C1E23,Eastern10,5/14/2011,5/12/2011,5/25/2011,3,6/3/2011,m,0.6745,6/11/2011,8,5.278755887,435.8898945,yes,yes,yes
108,13,Eastern10,C1E23,Eastern10,5/15/2011,5/13/2011,5/23/2011,3,6/1/2011,m,0.6338,6/14/2011,13,5.889302263,880.3408432,yes,yes,yes
109,13,Eastern10,C1E23,Eastern10,5/15/2011,5/13/2011,5/23/2011,3,6/1/2011,f,0.5877,6/15/2011,14,5.384713534,492.4428902,yes,yes,yes
111,13,Eastern10,C1E25,Eastern10,5/15/2011,5/13/2011,5/25/2011,4,6/3/2011,m,0.6437,6/9/2011,6,5.623250324,648.0740695,yes,yes,yes
112,13,Eastern10,C1E25,Eastern10,5/15/2011,5/13/2011,5/23/2011,5,6/1/2011,m,0.6237,6/6/2011,5,5.799341239,793.7253935,yes,yes,yes
113,13,Eastern10,C1E25,Eastern10,5/15/2011,5/13/2011,5/27/2011,5,6/4/2011,f,0.4599,6/10/2011,6,6.143015113,1178.982613,yes,yes,yes
114,13,Eastern10,C1E25,Eastern10,5/15/2011,5/13/2011,5/24/2011,4,6/1/2011,f,0.5775,6/10/2011,9,5.873611778,864.5808233,yes,yes,yes
116,13,Eastern10,C1E25,Eastern10,5/15/2011,5/13/2011,5/24/2011,0,6/2/2011,m,0.711,6/26/2011,24,4.829310207,259.8076212,yes,yes,yes
117,13,Eastern10,C1E25,Eastern10,5/15/2011,5/13/2011,5/23/2011,4,5/31/2011,m,0.954,6/5/2011,5,5.898999819,890.2246908,yes,yes,yes
118,13,Eastern10,C1E25,Eastern10,5/15/2011,5/13/2011,5/26/2011,4,6/3/2011,f,0.6673,6/15/2011,12,5.615425006,642.2616291,yes,yes,yes
119,13,Eastern10,C1E25,Eastern10,5/15/2011,5/13/2011,5/26/2011,4,6/3/2011,m,0.5904,6/12/2011,9,5.423247513,514.7815072,yes,yes,yes
121,13,Eastern10,C1E26,Eastern10,5/15/2011,5/13/2011,5/24/2011,4,6/1/2011,f,0.731,6/10/2011,9,6.290034834,1396.424004,yes,yes,yes
122,13,Eastern10,C1E26,Eastern10,5/15/2011,5/13/2011,5/25/2011,5,6/2/2011,f,0.5835,6/10/2011,8,5.742333068,743.303437,yes,yes,yes
923,13,Eastern10,C1E26,Eastern10,5/15/2011,5/13/2011,5/24/2011,5,6/1/2011,f,0.5631,6/9/2011,8,6.011782253,1013.656746,yes,yes,yes
124,13,Eastern10,C1E26,Eastern10,5/15/2011,5/13/2011,5/25/2011,NA,6/2/2011,m,0.6436,6/13/2011,11,5.204122697,400,yes,yes,yes
125,13,Eastern10,C1E26,Eastern10,5/15/2011,5/13/2011,5/26/2011,4,6/4/2011,m,0.5637,6/11/2011,7,5.439334273,524.404424,yes,yes,yes
126,13,Eastern10,C1E26,Eastern10,5/15/2011,5/13/2011,5/24/2011,3,6/2/2011,f,0.5334,6/12/2011,10,5.35698331,476.9696007,yes,yes,yes
127,13,Eastern10,C1E26,Eastern10,5/15/2011,5/13/2011,5/24/2011,2,6/1/2011,m,0.9651,6/14/2011,13,4.966146428,304.1381266,yes,yes,yes
129,13,Eastern10,C1E26,Eastern10,5/15/2011,5/13/2011,5/25/2011,4,6/2/2011,m,0.607,6/8/2011,6,5.986772182,984.8857802,yes,yes,yes
132,13,Eastern10,C1E27,Eastern10,5/15/2011,5/13/2011,5/24/2011,4,6/1/2011,f,0.6432,6/10/2011,9,5.86628793,857.32141,yes,yes,yes
133,13,Eastern10,C1E27,Eastern10,5/15/2011,5/13/2011,5/23/2011,2,6/1/2011,m,0.5647,6/9/2011,8,5.574032426,612.3724358,yes,yes,yes
134,13,Eastern10,C1E27,Eastern10,5/15/2011,5/13/2011,5/24/2011,5,6/1/2011,f,0.5602,6/9/2011,8,5.799341239,793.7253935,yes,yes,yes
136,13,Eastern10,C1E27,Eastern10,5/15/2011,5/13/2011,5/24/2011,4,6/1/2011,f,0.7641,6/9/2011,8,6.025306275,1029.563014,yes,yes,yes
138,13,Eastern10,C1E27,Eastern10,5/15/2011,5/13/2011,5/23/2011,4,5/31/2011,f,0.7571,6/5/2011,5,6.210184973,1273.77392,yes,yes,yes
139,13,Eastern10,C1E27,Eastern10,5/15/2011,5/13/2011,5/24/2011,4,6/1/2011,f,0.6175,6/10/2011,9,5.876507081,867.4675782,yes,yes,yes
141,13,Eastern10,C1E28,Eastern10,5/15/2011,5/13/2011,5/24/2011,4,6/2/2011,f,0.6342,6/10/2011,8,6.194514619,1250.9996,yes,yes,yes
142,13,Eastern10,C1E28,Eastern10,5/15/2011,5/13/2011,5/23/2011,3,6/1/2011,m,0.6212,6/14/2011,13,5.707571028,714.1428431,yes,yes,yes
144,13,Eastern10,C1E28,Eastern10,5/15/2011,5/13/2011,5/23/2011,2,6/1/2011,m,0.6701,6/15/2011,14,5.113946693,360.5551275,yes,yes,yes
147,13,Eastern10,C1E28,Eastern10,5/15/2011,5/13/2011,5/26/2011,2,6/3/2011,m,1.072,6/19/2011,16,5.419130962,512.3475382,yes,yes,yes
148,13,Eastern10,C1E28,Eastern10,5/15/2011,5/13/2011,5/24/2011,3,6/1/2011,m,0.8042,6/11/2011,10,5.568202898,608.2762531,yes,yes,yes
149,13,Eastern10,C1E28,Eastern10,5/15/2011,5/13/2011,5/23/2011,4,5/31/2011,f,0.6806,6/10/2011,10,5.920384764,912.4143797,yes,yes,yes
151,13,Eastern10,C1F18,Miami,5/15/2011,5/13/2011,5/24/2011,5,6/1/2011,f,0.6971,6/7/2011,6,5.987890057,986.1541467,yes,yes,yes
152,13,Eastern10,C1F18,Miami,5/15/2011,5/13/2011,5/25/2011,4,6/3/2011,f,0.785,6/14/2011,11,5.993436671,992.4716616,yes,yes,yes
153,13,Eastern10,C1F18,Miami,5/15/2011,5/13/2011,5/24/2011,2,6/1/2011,m,0.6668,6/11/2011,10,5.37106971,484.7679856,yes,yes,yes
154,13,Eastern10,C1F18,Miami,5/15/2011,5/13/2011,5/23/2011,4,5/31/2011,f,0.637,6/6/2011,6,5.643453664,663.3249584,yes,yes,yes
155,13,Eastern10,C1F18,Miami,5/15/2011,5/13/2011,5/24/2011,2,6/1/2011,f,0.5794,6/14/2011,13,5.848189733,839.6427812,yes,yes,yes
156,13,Eastern10,C1F18,Miami,5/15/2011,5/13/2011,5/24/2011,5,6/1/2011,f,0.7527,6/9/2011,8,6.210184973,1273.77392,yes,yes,yes
157,13,Eastern10,C1F18,Miami,5/15/2011,5/13/2011,5/24/2011,4,6/1/2011,f,0.7215,6/6/2011,5,6.060698218,1072.380529,yes,yes,yes
158,13,Eastern10,C1F18,Miami,5/15/2011,5/13/2011,5/24/2011,3,6/1/2011,m,1.0571,6/14/2011,13,5.977724062,974.679434,yes,yes,yes
159,13,Eastern10,C1F18,Miami,5/15/2011,5/13/2011,5/24/2011,5,6/2/2011,m,0.6853,6/9/2011,7,6.246744956,1328.533026,yes,yes,yes
161,13,Eastern10,C1F19,Miami,5/15/2011,5/13/2011,5/23/2011,3,6/1/2011,f,0.6798,6/10/2011,9,5.705436902,712.3903422,yes,yes,yes
162,13,Eastern10,C1F19,Miami,5/15/2011,5/13/2011,5/23/2011,4,5/31/2011,f,0.666,6/13/2011,13,5.565258525,606.2177825,yes,yes,yes
163,13,Eastern10,C1F19,Miami,5/15/2011,5/13/2011,5/23/2011,2,6/1/2011,m,0.754,6/20/2011,19,5.217486576,406.2019201,yes,yes,yes
164,13,Eastern10,C1F19,Miami,5/15/2011,5/13/2011,5/24/2011,3,6/2/2011,m,0.5732,6/13/2011,11,5.230451476,412.3105625,yes,yes,yes
165,13,Eastern10,C1F19,Miami,5/15/2011,5/13/2011,5/23/2011,3,5/31/2011,m,0.7344,6/9/2011,9,5.579784739,616.4413999,yes,yes,yes
166,13,Eastern10,C1F19,Miami,5/15/2011,5/13/2011,5/23/2011,4,6/1/2011,m,0.6371,6/11/2011,10,5.28443299,438.7482194,yes,yes,yes
167,13,Eastern10,C1F19,Miami,5/15/2011,5/13/2011,5/24/2011,4,6/2/2011,m,0.6573,6/9/2011,7,5.827692934,820.0609729,yes,yes,yes
168,13,Eastern10,C1F19,Miami,5/15/2011,5/13/2011,5/25/2011,4,6/2/2011,f,0.658,6/11/2011,9,5.534661844,585.2349956,yes,yes,yes
169,13,Eastern10,C1F19,Miami,5/15/2011,5/13/2011,5/24/2011,5,6/1/2011,f,0.6089,6/9/2011,8,5.625827741,649.9999999,yes,yes,yes
171,13,Eastern10,C1F20,Miami,5/15/2011,5/13/2011,5/23/2011,4,6/1/2011,m,0.7067,6/5/2011,4,6.477121399,1732.050807,yes,yes,yes
172,13,Eastern10,C1F20,Miami,5/15/2011,5/13/2011,5/23/2011,4,5/31/2011,f,0.7609,6/5/2011,5,5.909823904,901.3878187,yes,yes,yes
173,13,Eastern10,C1F20,Miami,5/15/2011,5/13/2011,5/23/2011,4,5/31/2011,f,0.6815,6/7/2011,7,5.402263102,502.4937808,yes,yes,yes
174,13,Eastern10,C1F20,Miami,5/15/2011,5/13/2011,5/24/2011,4,6/2/2011,m,0.6438,6/9/2011,7,6.070961285,1085.126721,yes,yes,yes
175,13,Eastern10,C1F20,Miami,5/15/2011,5/13/2011,5/23/2011,5,5/31/2011,f,0.8597,6/8/2011,8,5.51521263,572.2761568,yes,yes,yes
176,13,Eastern10,C1F20,Miami,5/15/2011,5/13/2011,5/25/2011,1,6/2/2011,m,0.6732,6/25/2011,23,4.439348486,165.8312395,yes,yes,yes
177,13,Eastern10,C1F20,Miami,5/15/2011,5/13/2011,5/24/2011,5,6/1/2011,f,0.7307,6/6/2011,5,6.236789351,1313.392553,yes,yes,yes
178,13,Eastern10,C1F20,Miami,5/15/2011,5/13/2011,5/25/2011,4,6/2/2011,m,0.7432,6/9/2011,7,6.264818059,1356.465997,yes,yes,yes
179,13,Eastern10,C1F20,Miami,5/15/2011,5/13/2011,5/25/2011,4,6/3/2011,m,0.6448,6/9/2011,6,6.250420246,1334.166406,yes,yes,yes
181,13,Eastern10,C1F21,Miami,5/15/2011,5/13/2011,5/24/2011,3,6/2/2011,m,0.6424,6/20/2011,18,5.406541884,504.9752472,yes,yes,yes
182,13,Eastern10,C1F21,Miami,5/15/2011,5/13/2011,5/24/2011,2,6/1/2011,f,0.7503,6/8/2011,7,6.449478553,1677.796173,yes,yes,yes
183,13,Eastern10,C1F21,Miami,5/15/2011,5/13/2011,5/24/2011,4,6/1/2011,f,0.7464,6/10/2011,9,5.801061216,795.2986856,yes,yes,yes
184,13,Eastern10,C1F21,Miami,5/15/2011,5/13/2011,5/24/2011,4,6/2/2011,m,0.5954,6/11/2011,9,5.678974285,691.0137477,yes,yes,yes
185,13,Eastern10,C1F21,Miami,5/15/2011,5/13/2011,5/24/2011,4,6/2/2011,m,0.5984,6/9/2011,7,5.835691205,827.6472674,yes,yes,yes
186,13,Eastern10,C1F21,Miami,5/15/2011,5/13/2011,5/25/2011,4,6/2/2011,f,0.5736,6/11/2011,9,5.628389952,651.9202406,yes,yes,yes
187,13,Eastern10,C1F21,Miami,5/15/2011,5/13/2011,5/24/2011,5,6/1/2011,f,0.7087,6/11/2011,10,5.742333068,743.303437,yes,yes,yes
188,13,Eastern10,C1F21,Miami,5/15/2011,5/12/2011,5/24/2011,4,6/1/2011,m,0.7591,6/6/2011,5,5.742333068,743.303437,yes,yes,yes
189,13,Eastern10,C1F21,Miami,5/15/2011,5/12/2011,5/24/2011,4,6/1/2011,f,0.5824,6/9/2011,8,5.041396633,331.6624789,yes,yes,yes
191,13,Eastern10,C1F22,Miami,5/15/2011,5/12/2011,5/24/2011,3,6/2/2011,m,0.6745,6/10/2011,8,5.761552741,759.934208,yes,yes,yes
192,13,Eastern10,C1F22,Miami,5/15/2011,5/12/2011,5/24/2011,4,6/2/2011,m,0.6466,6/10/2011,8,5.705436902,712.3903422,yes,yes,yes
194,13,Eastern10,C1F22,Miami,5/15/2011,5/12/2011,5/23/2011,4,6/1/2011,f,0.6004,6/8/2011,7,5.660392048,676.3874632,yes,yes,yes
195,13,Eastern10,C1F22,Miami,5/15/2011,5/12/2011,5/23/2011,3,5/31/2011,f,0.5611,6/7/2011,7,5.33244048,463.6809248,yes,yes,yes
196,13,Eastern10,C1F22,Miami,5/15/2011,5/12/2011,5/24/2011,4,6/1/2011,f,0.7713,6/9/2011,8,6.271841839,1367.479433,yes,yes,yes
197,13,Eastern10,C1F22,Miami,5/15/2011,5/12/2011,5/24/2011,4,6/1/2011,f,0.7347,6/11/2011,10,6.320665674,1446.547614,yes,yes,yes
198,13,Eastern10,C1F22,Miami,5/15/2011,5/12/2011,5/23/2011,3,5/31/2011,f,0.6857,6/4/2011,4,6.024280787,1028.34819,yes,yes,yes
199,13,Eastern10,C1F22,Miami,5/15/2011,5/12/2011,5/23/2011,3,6/1/2011,m,0.5559,6/10/2011,9,5.615425006,642.2616291,yes,yes,yes
201,14,Eastern10,C1E23,Eastern10,5/16/2011,5/14/2011,5/26/2011,4,6/3/2011,f,0.6165,6/11/2011,8,5.711808072,717.6350044,yes,yes,yes
202,14,Eastern10,C1E23,Eastern10,5/16/2011,5/14/2011,5/25/2011,3,6/2/2011,f,0.6698,6/16/2011,14,5.414975018,509.9019512,yes,yes,yes
203,14,Eastern10,C1E23,Eastern10,5/16/2011,5/14/2011,5/25/2011,4,6/2/2011,f,0.5233,6/9/2011,7,5.380213051,489.8979484,yes,yes,yes
204,14,Eastern10,C1E23,Eastern10,5/16/2011,5/14/2011,5/25/2011,4,6/2/2011,f,0.5251,6/9/2011,7,6.094296747,1114.674841,yes,yes,yes
205,14,Eastern10,C1E23,Eastern10,5/16/2011,5/14/2011,5/27/2011,3,6/4/2011,m,0.7236,6/12/2011,8,5.511884697,570.0877124,yes,yes,yes
206,14,Eastern10,C1E23,Eastern10,5/16/2011,5/14/2011,5/29/2011,3,6/6/2011,f,0.6809,6/16/2011,10,5.840420405,832.165849,yes,yes,yes
207,14,Eastern10,C1E23,Eastern10,5/16/2011,5/14/2011,5/26/2011,2,6/3/2011,m,0.7092,6/13/2011,10,5.366424825,482.182538,yes,yes,yes
208,14,Eastern10,C1E23,Eastern10,5/16/2011,5/14/2011,5/25/2011,4,6/2/2011,m,0.6499,6/9/2011,7,5.660392048,676.3874632,yes,yes,yes
209,14,Eastern10,C1E23,Eastern10,5/16/2011,5/14/2011,5/25/2011,4,6/2/2011,f,0.5319,6/8/2011,6,6.118099643,1145.643924,yes,yes,yes
211,14,Eastern10,C1E25,Eastern10,5/16/2011,5/14/2011,5/25/2011,4,6/2/2011,f,0.5928,6/9/2011,7,5.779957772,776.2087348,yes,yes,yes
212,14,Eastern10,C1E25,Eastern10,5/16/2011,5/14/2011,5/26/2011,NA,6/2/2011,f,0.5143,6/9/2011,7,5.840420405,832.165849,yes,yes,yes
214,14,Eastern10,C1E25,Eastern10,5/16/2011,5/14/2011,5/25/2011,4,6/2/2011,f,0.5968,6/12/2011,10,5.83884972,830.6623861,yes,yes,yes
215,14,Eastern10,C1E25,Eastern10,5/16/2011,5/14/2011,5/25/2011,5,6/2/2011,f,0.6327,6/9/2011,7,5.724276689,728.0109889,yes,yes,yes
217,14,Eastern10,C1E25,Eastern10,5/16/2011,5/14/2011,5/25/2011,3,6/2/2011,f,0.5924,6/18/2011,16,5.645914256,665.2067344,yes,yes,yes
218,14,Eastern10,C1E25,Eastern10,5/16/2011,5/14/2011,5/25/2011,4,6/3/2011,m,0.6009,6/10/2011,7,5.817896418,810.8637373,yes,yes,yes
219,14,Eastern10,C1E25,Eastern10,5/16/2011,5/14/2011,5/25/2011,5,6/2/2011,m,0.5404,6/10/2011,8,5.494851411,559.0169941,yes,yes,yes
223,14,Eastern10,C1E26,Eastern10,5/16/2011,5/14/2011,5/27/2011,3,6/4/2011,m,0.7779,6/11/2011,7,5.153817912,377.4917218,yes,yes,yes
224,14,Eastern10,C1E26,Eastern10,5/16/2011,5/14/2011,5/26/2011,4,6/3/2011,m,0.935,6/11/2011,8,5.47348843,545.4356058,yes,yes,yes
225,14,Eastern10,C1E26,Eastern10,5/16/2011,5/14/2011,5/26/2011,4,6/4/2011,m,0.6639,6/11/2011,7,6.530199826,1841.195263,yes,yes,yes
226,14,Eastern10,C1E26,Eastern10,5/16/2011,5/14/2011,5/25/2011,3,6/2/2011,m,0.4224,6/9/2011,7,5.153817912,377.4917218,yes,yes,yes
228,14,Eastern10,C1E26,Eastern10,5/16/2011,5/14/2011,5/27/2011,3,6/4/2011,m,0.6548,6/14/2011,10,5.720160131,724.5688376,yes,yes,yes
229,14,Eastern10,C1E26,Eastern10,5/16/2011,5/14/2011,5/24/2011,4,6/1/2011,f,0.4911,6/8/2011,7,6.178977235,1228.820573,yes,yes,yes
231,14,Eastern10,C1E27,Eastern10,5/16/2011,5/14/2011,5/25/2011,5,6/3/2011,m,0.6131,6/10/2011,7,6.000000434,999.9999997,yes,yes,yes
232,14,Eastern10,C1E27,Eastern10,5/16/2011,5/14/2011,5/26/2011,3,6/3/2011,stuck,0.8074,6/6/2011,3,6.652246438,2118.962011,yes,yes,yes
233,14,Eastern10,C1E27,Eastern10,5/16/2011,5/14/2011,5/26/2011,5,6/3/2011,f,0.6989,6/7/2011,4,6.119750954,1147.824029,yes,yes,yes
234,14,Eastern10,C1E27,Eastern10,5/16/2011,5/14/2011,5/25/2011,5,6/2/2011,m,0.5404,6/9/2011,7,5.946943761,940.7443857,yes,yes,yes
235,14,Eastern10,C1E27,Eastern10,5/16/2011,5/15/2011,5/26/2011,5,6/3/2011,f,0.5759,6/11/2011,8,5.860338606,851.4693187,yes,yes,yes
236,14,Eastern10,C1E27,Eastern10,5/16/2011,5/15/2011,5/25/2011,4,6/2/2011,m,0.5208,6/9/2011,7,5.86628793,857.32141,yes,yes,yes
237,14,Eastern10,C1E27,Eastern10,5/16/2011,5/15/2011,5/26/2011,4,6/4/2011,m,0.6034,6/10/2011,6,5.665112676,680.0735254,yes,yes,yes
238,14,Eastern10,C1E27,Eastern10,5/16/2011,5/15/2011,5/25/2011,4,6/3/2011,m,0.6574,6/13/2011,10,5.991226519,989.9494938,yes,yes,yes
239,14,Eastern10,C1E27,Eastern10,5/16/2011,5/15/2011,5/25/2011,5,6/2/2011,m,0.6095,6/9/2011,7,5.630937135,653.8348416,yes,yes,yes
241,14,Eastern10,C1E28,Eastern10,5/16/2011,5/15/2011,5/26/2011,3,6/3/2011,f,0.6431,6/10/2011,7,5.916454475,908.2951063,yes,yes,yes
243,14,Eastern10,C1E28,Eastern10,5/16/2011,5/15/2011,5/26/2011,4,6/3/2011,m,0.7206,6/12/2011,9,5.65079401,668.9544079,yes,yes,yes
244,14,Eastern10,C1E28,Eastern10,5/16/2011,5/15/2011,5/25/2011,3,6/2/2011,f,0.5213,6/9/2011,7,5.934498956,927.3618493,yes,yes,yes
245,14,Eastern10,C1E28,Eastern10,5/16/2011,5/15/2011,5/29/2011,3,6/6/2011,m,0.8379,6/14/2011,8,5.88507895,876.0707734,yes,yes,yes
246,14,Eastern10,C1E28,Eastern10,5/16/2011,5/15/2011,5/25/2011,3,6/2/2011,m,0.8996,6/7/2011,5,5.623250324,648.0740695,yes,yes,yes
247,14,Eastern10,C1E28,Eastern10,5/16/2011,5/15/2011,5/26/2011,2,6/3/2011,f,0.5478,6/12/2011,9,5.779957772,776.2087348,yes,yes,yes
248,14,Eastern10,C1E28,Eastern10,5/16/2011,5/15/2011,5/25/2011,3,6/2/2011,m,0.56,6/10/2011,8,6.349763238,1495.82753,yes,yes,yes
249,14,Eastern10,C1E28,Eastern10,5/16/2011,5/15/2011,5/25/2011,3,6/2/2011,m,0.674,6/13/2011,11,5.42732541,517.2040217,yes,yes,yes
251,14,Eastern10,C1F18,Miami,5/16/2011,5/15/2011,5/25/2011,3,6/2/2011,f,0.5957,6/10/2011,8,5.964966846,960.468636,yes,yes,yes
252,14,Eastern10,C1F18,Miami,5/16/2011,5/15/2011,5/25/2011,4,6/3/2011,m,0.6461,6/13/2011,10,6.376120708,1541.914394,yes,yes,yes
253,14,Eastern10,C1F18,Miami,5/16/2011,5/15/2011,5/27/2011,4,6/4/2011,f,0.642,6/9/2011,5,5.964966846,960.468636,yes,yes,yes
254,14,Eastern10,C1F18,Miami,5/16/2011,5/15/2011,5/25/2011,5,6/2/2011,f,0.473,6/8/2011,6,6.453318493,1685.229955,yes,yes,yes
255,14,Eastern10,C1F18,Miami,5/16/2011,5/15/2011,5/25/2011,3,6/3/2011,m,0.5532,6/13/2011,10,5.746245651,746.6592264,yes,yes,yes
256,14,Eastern10,C1F18,Miami,5/16/2011,5/15/2011,5/26/2011,2,6/4/2011,m,0.6565,6/20/2011,16,5.501745097,563.4713832,yes,yes,yes
258,14,Eastern10,C1F18,Miami,5/16/2011,5/15/2011,5/26/2011,5,6/3/2011,f,0.3517,6/10/2011,7,5.960233349,955.2486587,yes,yes,yes
259,14,Eastern10,C1F18,Miami,5/16/2011,5/15/2011,5/25/2011,4,6/2/2011,f,0.4582,6/10/2011,8,5.491363095,556.7764364,yes,yes,yes
261,14,Eastern10,C1F19,Miami,5/16/2011,5/15/2011,5/25/2011,5,6/2/2011,m,0.5534,6/6/2011,4,6.206826146,1268.857754,yes,yes,yes
262,14,Eastern10,C1F19,Miami,5/16/2011,5/15/2011,5/26/2011,5,6/3/2011,m,0.6453,6/13/2011,10,6.564961923,1916.37679,yes,yes,yes
263,14,Eastern10,C1F19,Miami,5/16/2011,5/15/2011,5/25/2011,4,6/3/2011,m,0.5858,6/11/2011,8,5.531480194,583.0951892,yes,yes,yes
264,14,Eastern10,C1F19,Miami,5/16/2011,5/15/2011,5/25/2011,5,6/2/2011,f,0.5876,6/7/2011,5,6.024280787,1028.34819,yes,yes,yes
265,14,Eastern10,C1F19,Miami,5/16/2011,5/15/2011,5/24/2011,5,6/1/2011,f,0.5574,6/7/2011,6,5.966142202,961.7692028,yes,yes,yes
266,14,Eastern10,C1F19,Miami,5/16/2011,5/15/2011,5/26/2011,4,6/3/2011,m,0.6659,6/12/2011,9,5.342424655,469.041576,yes,yes,yes
267,14,Eastern10,C1F19,Miami,5/16/2011,5/15/2011,5/27/2011,3,6/4/2011,f,0.6376,6/11/2011,7,5.431365373,519.6152425,yes,yes,yes
268,14,Eastern10,C1F19,Miami,5/16/2011,5/15/2011,5/29/2011,3,6/6/2011,m,0.8419,6/17/2011,11,5.431365373,519.6152425,yes,yes,yes
269,14,Eastern10,C1F19,Miami,5/16/2011,5/15/2011,5/26/2011,4,6/4/2011,m,0.6162,6/11/2011,7,6.596597206,1987.460692,yes,yes,yes
271,14,Eastern10,C1F20,Miami,5/16/2011,5/15/2011,5/26/2011,4,6/3/2011,f,0.6202,6/8/2011,5,6.581494656,1953.202498,yes,yes,yes
273,14,Eastern10,C1F20,Miami,5/16/2011,5/15/2011,5/25/2011,4,6/2/2011,m,0.5498,6/8/2011,6,5.913814382,905.5385138,yes,yes,yes
274,14,Eastern10,C1F20,Miami,5/16/2011,5/15/2011,5/26/2011,4,6/3/2011,m,0.8048,6/9/2011,6,5.709694717,715.8910531,yes,yes,yes
275,14,Eastern10,C1F20,Miami,5/16/2011,5/15/2011,5/25/2011,4,6/3/2011,m,0.6179,6/9/2011,6,6.239299729,1317.193987,yes,yes,yes
282,14,Eastern10,C1F21,Miami,5/17/2011,5/15/2011,5/27/2011,4,6/4/2011,f,0.7246,6/10/2011,6,6.053078828,1063.014582,yes,yes,yes
283,14,Eastern10,C1F21,Miami,5/17/2011,5/15/2011,5/25/2011,3,6/2/2011,f,0.6566,6/12/2011,10,5.384713534,492.4428902,yes,yes,yes
286,14,Eastern10,C1F21,Miami,5/17/2011,5/15/2011,5/25/2011,3,6/2/2011,f,0.6475,6/16/2011,14,5.146131138,374.1657388,yes,yes,yes
289,14,Eastern10,C1F21,Miami,5/17/2011,5/15/2011,5/25/2011,4,6/2/2011,m,0.6596,6/9/2011,7,5.996730953,996.2429422,yes,yes,yes
296,14,Eastern10,C1F22,Miami,5/17/2011,5/15/2011,5/25/2011,4,6/2/2011,f,0.7204,6/8/2011,6,6.13751267,1171.537452,yes,yes,yes
301,15,Eastern10,C1E23,Eastern10,5/16/2011,5/14/2011,5/25/2011,4,6/2/2011,f,0.4873,6/9/2011,7,5.347331967,471.6990565,yes,yes,yes
302,15,Eastern10,C1E23,Eastern10,5/16/2011,5/14/2011,5/27/2011,4,6/4/2011,m,0.645,6/10/2011,6,5.591065721,624.4998001,yes,yes,yes
304,15,Eastern10,C1E23,Eastern10,5/16/2011,5/14/2011,5/28/2011,2,6/5/2011,m,0.6305,6/17/2011,12,5.366424825,482.182538,yes,yes,yes
306,15,Eastern10,C1E23,Eastern10,5/16/2011,5/14/2011,5/26/2011,3,6/3/2011,f,0.5873,6/13/2011,10,5.565258525,606.2177825,yes,yes,yes
307,15,Eastern10,C1E23,Eastern10,5/16/2011,5/14/2011,5/25/2011,NA,6/2/2011,f,0.6499,6/9/2011,7,5.966142202,961.7692028,yes,yes,yes
309,15,Eastern10,C1E23,Eastern10,5/16/2011,5/14/2011,5/24/2011,3,6/1/2011,f,0.6163,6/9/2011,8,6.156852204,1197.914855,yes,yes,yes
311,15,Eastern10,C1E25,Eastern10,5/16/2011,5/14/2011,5/28/2011,4,6/5/2011,f,0.5397,6/11/2011,6,6.222066103,1291.317157,yes,yes,yes
312,15,Eastern10,C1E25,Eastern10,5/16/2011,5/14/2011,5/25/2011,4,6/2/2011,m,0.5471,6/10/2011,8,5.817896418,810.8637373,yes,yes,yes
313,15,Eastern10,C1E25,Eastern10,5/17/2011,5/15/2011,5/26/2011,5,6/3/2011,m,0.6718,6/9/2011,6,5.79239239,787.4007874,yes,yes,yes
314,15,Eastern10,C1E25,Eastern10,5/17/2011,5/15/2011,5/26/2011,4,6/3/2011,m,0.8501,6/10/2011,7,6.214181574,1279.648389,yes,yes,yes
315,15,Eastern10,C1E25,Eastern10,5/17/2011,5/15/2011,5/26/2011,3,6/3/2011,m,0.9703,6/10/2011,7,5.556303707,599.9999999,yes,yes,yes
316,15,Eastern10,C1E25,Eastern10,5/17/2011,5/15/2011,5/26/2011,5,6/4/2011,m,0.7098,6/12/2011,8,5.864808222,855.8621385,yes,yes,yes
317,15,Eastern10,C1E25,Eastern10,5/17/2011,5/15/2011,5/25/2011,3,6/2/2011,f,0.7015,6/10/2011,8,6.032417682,1038.026975,yes,yes,yes
318,15,Eastern10,C1E25,Eastern10,5/17/2011,5/15/2011,5/26/2011,NA,6/2/2011,f,0.5248,6/10/2011,8,5.612784916,640.3124238,yes,yes,yes
319,15,Eastern10,C1E25,Eastern10,5/17/2011,5/15/2011,5/25/2011,3,6/3/2011,m,0.5644,6/13/2011,10,5.295569299,444.4097209,yes,yes,yes
321,15,Eastern10,C1E26,Eastern10,5/17/2011,5/15/2011,5/27/2011,4,6/4/2011,f,0.5812,6/11/2011,7,6.17681477,1225.765068,yes,yes,yes
323,15,Eastern10,C1E26,Eastern10,5/17/2011,5/15/2011,5/25/2011,2,6/3/2011,m,0.7098,6/16/2011,13,5.732394564,734.8469228,yes,yes,yes
325,15,Eastern10,C1E26,Eastern10,5/17/2011,5/15/2011,5/26/2011,2,6/3/2011,f,0.587,6/17/2011,14,5.204122697,400,yes,yes,yes
326,15,Eastern10,C1E26,Eastern10,5/17/2011,5/15/2011,5/25/2011,4,6/2/2011,f,0.5933,6/9/2011,7,5.711808072,717.6350044,yes,yes,yes
327,15,Eastern10,C1E26,Eastern10,5/17/2011,5/15/2011,5/28/2011,4,6/5/2011,f,0.625,6/13/2011,8,6.088136443,1106.797181,yes,yes,yes
328,15,Eastern10,C1E26,Eastern10,5/17/2011,5/15/2011,5/26/2011,3,6/3/2011,f,0.5398,6/9/2011,6,5.854306649,845.5767261,yes,yes,yes
332,15,Eastern10,C1E27,Eastern10,5/17/2011,5/15/2011,5/26/2011,4,6/3/2011,f,0.6707,6/14/2011,11,5.790637665,785.8116821,yes,yes,yes
335,15,Eastern10,C1E27,Eastern10,5/17/2011,5/16/2011,5/28/2011,3,6/5/2011,m,0.533,6/14/2011,9,6.133539228,1166.190379,yes,yes,yes
336,15,Eastern10,C1E27,Eastern10,5/17/2011,5/16/2011,5/27/2011,3,6/4/2011,m,0.7893,6/17/2011,13,5.454846384,533.8539127,yes,yes,yes
338,15,Eastern10,C1E27,Eastern10,5/17/2011,5/16/2011,5/27/2011,2,6/4/2011,f,0.5515,6/17/2011,13,5.217486576,406.2019201,yes,yes,yes
341,15,Eastern10,C1E28,Eastern10,5/17/2011,5/16/2011,5/29/2011,2,6/8/2011,f,0.8114,6/17/2011,9,5.875061842,866.0254033,yes,yes,yes
342,15,Eastern10,C1E28,Eastern10,5/17/2011,5/16/2011,5/27/2011,3,6/4/2011,m,0.62,6/11/2011,7,5.713911193,719.3747282,yes,yes,yes
343,15,Eastern10,C1E28,Eastern10,5/17/2011,5/16/2011,5/27/2011,3,6/4/2011,f,0.637,6/13/2011,9,5.352184448,474.3416489,yes,yes,yes
344,15,Eastern10,C1E28,Eastern10,5/17/2011,5/16/2011,5/27/2011,2,6/4/2011,f,0.512,6/15/2011,11,5.462399495,538.5164804,yes,yes,yes
345,15,Eastern10,C1E28,Eastern10,5/17/2011,5/16/2011,5/28/2011,3,6/5/2011,m,0.8349,6/11/2011,6,6.249198602,1332.291259,yes,yes,yes
352,15,Eastern10,C1F18,Miami,5/16/2011,5/14/2011,5/26/2011,4,6/3/2011,f,0.5884,6/11/2011,8,5.653213479,670.8203933,yes,yes,yes
353,15,Eastern10,C1F18,Miami,5/16/2011,5/14/2011,5/26/2011,3,6/3/2011,m,0.783,6/13/2011,10,5.588272828,622.4949802,yes,yes,yes
355,15,Eastern10,C1F18,Miami,5/16/2011,5/14/2011,5/26/2011,3,6/4/2011,m,0.6991,6/13/2011,9,5.361729724,479.5831522,yes,yes,yes
357,15,Eastern10,C1F18,Miami,5/16/2011,5/14/2011,5/25/2011,4,6/2/2011,f,0.439,6/9/2011,7,5.593840768,626.4982046,yes,yes,yes
361,15,Eastern10,C1F19,Miami,5/16/2011,5/14/2011,5/28/2011,4,6/5/2011,m,0.8569,6/14/2011,9,5.553277261,597.9130372,yes,yes,yes
363,15,Eastern10,C1F19,Miami,5/17/2011,5/15/2011,5/26/2011,3,6/3/2011,m,0.6843,6/16/2011,13,5.273003588,433.0127017,yes,yes,yes
364,15,Eastern10,C1F19,Miami,5/17/2011,5/15/2011,5/27/2011,3,6/7/2011,f,0.6373,6/14/2011,7,5.267174076,430.1162634,yes,yes,yes
365,15,Eastern10,C1F19,Miami,5/17/2011,5/15/2011,5/28/2011,3,6/5/2011,m,0.5407,6/15/2011,10,5.744293766,744.9832216,yes,yes,yes
366,15,Eastern10,C1F19,Miami,5/17/2011,5/15/2011,5/26/2011,5,6/3/2011,m,0.6684,6/9/2011,6,5.797614422,792.1489757,yes,yes,yes
368,15,Eastern10,C1F19,Miami,5/17/2011,5/15/2011,5/25/2011,1,6/2/2011,f,0.6074,6/15/2011,13,5.480726815,550.0000002,yes,yes,yes
369,15,Eastern10,C1F19,Miami,5/17/2011,5/15/2011,5/26/2011,NA,6/3/2011,f,0.7275,6/13/2011,10,5.565258525,606.2177825,yes,yes,yes
373,15,Eastern10,C1F20,Miami,5/17/2011,5/15/2011,5/26/2011,2,6/5/2011,f,0.6125,6/13/2011,8,5.966142202,961.7692028,yes,yes,yes
374,15,Eastern10,C1F20,Miami,5/17/2011,5/15/2011,5/28/2011,3,6/5/2011,m,0.6819,6/14/2011,9,5.660392048,676.3874632,yes,yes,yes
375,15,Eastern10,C1F20,Miami,5/17/2011,5/15/2011,5/26/2011,4,6/3/2011,m,0.5804,6/11/2011,8,5.726320428,729.7259762,yes,yes,yes
376,15,Eastern10,C1F20,Miami,5/17/2011,5/15/2011,5/26/2011,4,6/3/2011,m,0.5594,6/10/2011,7,5.917768527,909.6702696,yes,yes,yes
377,15,Eastern10,C1F20,Miami,5/17/2011,5/15/2011,5/26/2011,4,6/4/2011,m,0.5953,6/10/2011,6,5.707571028,714.1428431,yes,yes,yes
378,15,Eastern10,C1F20,Miami,5/17/2011,5/15/2011,5/29/2011,3,6/6/2011,f,0.6599,6/12/2011,6,5.795880712,790.5694148,yes,yes,yes
379,15,Eastern10,C1F20,Miami,5/17/2011,5/15/2011,5/25/2011,1,6/2/2011,f,0.6821,6/18/2011,16,5.738384917,739.9324296,yes,yes,yes
381,15,Eastern10,C1F21,Miami,5/17/2011,5/15/2011,5/25/2011,3,6/3/2011,m,0.6236,6/13/2011,10,5.79239239,787.4007874,yes,yes,yes
383,15,Eastern10,C1F21,Miami,5/18/2011,5/16/2011,5/27/2011,4,6/5/2011,m,0.569,6/11/2011,6,6.080987407,1097.72492,yes,yes,yes
384,15,Eastern10,C1F21,Miami,5/18/2011,5/16/2011,5/28/2011,1,6/5/2011,f,0.6956,6/28/2011,23,4.759675398,239.7915763,yes,yes,yes
386,15,Eastern10,C1F21,Miami,5/18/2011,5/16/2011,5/28/2011,3,6/5/2011,f,0.7057,6/13/2011,8,5.525046103,578.7918448,yes,yes,yes
387,15,Eastern10,C1F21,Miami,5/18/2011,5/16/2011,5/28/2011,4,6/5/2011,f,0.6289,6/16/2011,11,6.238046354,1315.294644,yes,yes,yes
388,15,Eastern10,C1F21,Miami,5/18/2011,5/16/2011,5/27/2011,4,6/4/2011,f,0.5121,6/12/2011,8,5.4353681,522.0153252,yes,yes,yes
389,15,Eastern10,C1F21,Miami,5/18/2011,5/16/2011,5/28/2011,2,6/6/2011,m,0.6651,6/17/2011,11,5.322221363,458.2575696,yes,yes,yes
391,15,Eastern10,C1F22,Miami,5/18/2011,5/16/2011,5/27/2011,2,6/4/2011,m,0.5834,6/15/2011,11,5.1903345,393.7003937,yes,yes,yes
392,15,Eastern10,C1F22,Miami,5/18/2011,5/16/2011,5/27/2011,2,6/4/2011,f,0.6387,6/20/2011,16,5.306427172,449.9999999,yes,yes,yes
393,15,Eastern10,C1F22,Miami,5/18/2011,5/16/2011,5/27/2011,3,6/5/2011,f,0.6458,6/12/2011,7,5.770852748,768.114575,yes,yes,yes
394,15,Eastern10,C1F22,Miami,5/18/2011,5/16/2011,5/26/2011,2,6/3/2011,f,0.6289,6/9/2011,6,5.824451921,817.0067322,yes,yes,yes
395,15,Eastern10,C1F22,Miami,5/18/2011,5/16/2011,5/27/2011,3,6/4/2011,f,0.6078,6/14/2011,10,6.244895581,1325.707359,yes,yes,yes
396,15,Eastern10,C1F22,Miami,5/18/2011,5/16/2011,5/30/2011,0,6/10/2011,m,NA,6/14/2011,4,6.422836133,1627.11401,yes,yes,yes
398,15,Eastern10,C1F22,Miami,5/18/2011,5/16/2011,5/27/2011,3,6/4/2011,m,0.5755,6/13/2011,9,5.267174076,430.1162634,yes,yes,yes
399,15,Eastern10,C1F22,Miami,5/18/2011,5/16/2011,5/27/2011,3,6/4/2011,m,0.7044,6/13/2011,9,5.088139634,350,yes,yes,yes
401,16,Eastern10,C1E23,Eastern10,5/17/2011,5/13/2011,5/25/2011,4,6/3/2011,m,0.652,6/12/2011,9,6.022222517,1025.914226,yes,yes,yes
402,16,Eastern10,C1E23,Eastern10,5/17/2011,5/13/2011,5/26/2011,4,6/3/2011,f,0.7739,6/12/2011,9,5.599338226,630.476011,yes,yes,yes
403,16,Eastern10,C1E23,Eastern10,5/17/2011,5/13/2011,5/27/2011,4,6/4/2011,f,0.5232,6/10/2011,6,5.824451921,817.0067322,yes,yes,yes
404,16,Eastern10,C1E23,Eastern10,5/17/2011,5/13/2011,5/25/2011,3,6/3/2011,m,0.3621,6/12/2011,9,5.795880712,790.5694148,yes,yes,yes
405,16,Eastern10,C1E23,Eastern10,5/17/2011,5/13/2011,5/25/2011,3,6/3/2011,f,0.566,6/10/2011,7,5.951823521,946.0443969,yes,yes,yes
406,16,Eastern10,C1E23,Eastern10,5/17/2011,5/13/2011,5/26/2011,3,6/4/2011,m,0.5631,6/15/2011,11,5.423247513,514.7815072,yes,yes,yes
407,16,Eastern10,C1E23,Eastern10,5/17/2011,5/13/2011,5/26/2011,3,6/3/2011,f,0.4454,6/9/2011,6,5.447159582,529.150262,yes,yes,yes
408,16,Eastern10,C1E23,Eastern10,5/17/2011,5/13/2011,5/25/2011,1,6/2/2011,f,0.6699,6/15/2011,13,5.261265248,427.200187,yes,yes,yes
409,16,Eastern10,C1E23,Eastern10,5/17/2011,5/13/2011,5/26/2011,4,6/3/2011,f,0.6331,6/9/2011,6,5.948168851,942.072184,yes,yes,yes
412,16,Eastern10,C1E25,Eastern10,5/17/2011,5/13/2011,5/26/2011,2,6/4/2011,m,0.5891,6/10/2011,6,5.660392048,676.3874632,yes,yes,yes
413,16,Eastern10,C1E25,Eastern10,5/17/2011,5/13/2011,5/25/2011,1,6/2/2011,m,0.6385,6/15/2011,13,4.000043427,99.99999997,yes,yes,yes
414,16,Eastern10,C1E25,Eastern10,5/17/2011,5/13/2011,5/25/2011,4,6/3/2011,m,0.6682,6/13/2011,10,4.903095416,282.8427126,yes,yes,yes
415,16,Eastern10,C1E25,Eastern10,5/17/2011,5/13/2011,5/25/2011,3,6/2/2011,f,0.6826,6/10/2011,8,6.098644072,1120.267825,yes,yes,yes
416,16,Eastern10,C1E25,Eastern10,5/17/2011,5/13/2011,5/27/2011,4,6/5/2011,m,0.6677,6/11/2011,6,5.811240443,804.6738465,yes,yes,yes
417,16,Eastern10,C1E25,Eastern10,5/17/2011,5/13/2011,5/26/2011,5,6/3/2011,f,0.7375,6/9/2011,6,5.814581182,807.7747214,yes,yes,yes
424,16,Eastern10,C1E26,Eastern10,5/18/2011,5/16/2011,5/28/2011,3,6/5/2011,f,0.6715,6/12/2011,7,5.197283316,396.8626969,yes,yes,yes
425,16,Eastern10,C1E26,Eastern10,5/18/2011,5/16/2011,5/28/2011,3,6/5/2011,f,0.53,6/12/2011,7,5.000004343,316.227766,yes,yes,yes
431,16,Eastern10,C1E27,Eastern10,5/18/2011,5/16/2011,5/27/2011,4,6/4/2011,m,0.6094,6/8/2011,4,6.054996244,1065.363787,yes,yes,yes
436,16,Eastern10,C1E27,Eastern10,5/18/2011,5/16/2011,5/27/2011,4,6/4/2011,f,0.6399,6/12/2011,8,5.183272692,390.512484,yes,yes,yes
437,16,Eastern10,C1E27,Eastern10,5/18/2011,5/16/2011,5/27/2011,2,6/4/2011,m,0.5386,6/12/2011,8,5.4353681,522.0153252,yes,yes,yes
439,16,Eastern10,C1E27,Eastern10,5/18/2011,5/16/2011,5/31/2011,2,6/8/2011,f,0.4496,6/14/2011,6,5.347331967,471.6990565,yes,yes,yes
443,16,Eastern10,C1E28,Eastern10,5/18/2011,5/16/2011,5/29/2011,2,6/6/2011,m,0.8843,6/16/2011,10,5.255274918,424.2640688,yes,yes,yes
445,16,Eastern10,C1E28,Eastern10,5/18/2011,5/16/2011,5/27/2011,4,6/4/2011,f,0.5147,6/9/2011,5,6.066326298,1079.351657,yes,yes,yes
446,16,Eastern10,C1E28,Eastern10,5/18/2011,5/16/2011,5/28/2011,3,6/5/2011,f,0.4629,6/10/2011,5,5.788875822,784.2193571,yes,yes,yes
447,16,Eastern10,C1E28,Eastern10,5/18/2011,5/16/2011,5/28/2011,3,6/5/2011,f,0.6491,6/10/2011,5,5.501745097,563.4713832,yes,yes,yes
451,16,Eastern10,C1F18,Miami,5/17/2011,5/15/2011,5/27/2011,3,6/4/2011,m,0.6483,6/12/2011,8,5.406541884,504.9752472,yes,yes,yes
452,16,Eastern10,C1F18,Miami,5/17/2011,5/15/2011,5/26/2011,2,6/3/2011,f,0.5348,6/12/2011,9,5.42732541,517.2040217,yes,yes,yes
453,16,Eastern10,C1F18,Miami,5/17/2011,5/15/2011,5/27/2011,4,6/4/2011,f,0.6661,6/14/2011,10,5.83884972,830.6623861,yes,yes,yes
454,16,Eastern10,C1F18,Miami,5/17/2011,5/15/2011,5/25/2011,4,6/3/2011,m,0.5838,6/7/2011,4,6.109747575,1134.680572,yes,yes,yes
456,16,Eastern10,C1F18,Miami,5/17/2011,5/15/2011,5/25/2011,5,6/2/2011,f,0.4198,6/8/2011,6,5.393576958,497.4937186,yes,yes,yes
457,16,Eastern10,C1F18,Miami,5/17/2011,5/15/2011,5/27/2011,4,6/4/2011,m,0.5824,6/9/2011,5,6.357458576,1509.138827,yes,yes,yes
462,16,Eastern10,C1F19,Miami,5/17/2011,5/15/2011,5/27/2011,2,6/4/2011,m,0.767,6/20/2011,16,5.826075451,818.5352773,yes,yes,yes
463,16,Eastern10,C1F19,Miami,5/17/2011,5/15/2011,5/26/2011,2,6/3/2011,f,0.6343,6/14/2011,11,5.267174076,430.1162634,yes,yes,yes
464,16,Eastern10,C1F19,Miami,5/17/2011,5/15/2011,5/28/2011,4,6/5/2011,f,0.6798,6/14/2011,9,5.596598195,628.4902544,yes,yes,yes
465,16,Eastern10,C1F19,Miami,5/17/2011,5/15/2011,5/25/2011,5,6/2/2011,f,0.5585,6/9/2011,7,5.414975018,509.9019512,yes,yes,yes
481,16,Eastern10,C1F21,Miami,5/18/2011,5/16/2011,5/28/2011,3,6/5/2011,m,0.9746,6/14/2011,9,5.761552741,759.934208,yes,yes,yes
494,16,Eastern10,C1F22,Miami,5/18/2011,5/16/2011,5/28/2011,1,6/5/2011,m,0.8521,6/25/2011,20,5.352184448,474.3416489,yes,yes,yes
504,17,Miami,C1E23,Eastern10,6/17/2011,6/15/2011,6/26/2011,0,7/5/2011,0,0,7/7/2011,2,3.699056855,70.71067816,yes,yes,yes
505,17,Miami,C1E23,Eastern10,6/17/2011,6/15/2011,6/26/2011,0,7/4/2011,m,0.9484,7/14/2011,10,4.602070849,200.0000001,yes,yes,yes
507,17,Miami,C1E23,Eastern10,6/17/2011,6/15/2011,6/26/2011,0,7/5/2011,0,0,7/10/2011,5,4.511896724,180.2775638,yes,yes,yes
508,17,Miami,C1E23,Eastern10,6/17/2011,6/15/2011,6/27/2011,1,7/5/2011,f,0.662,7/13/2011,8,4.720167576,229.1287849,yes,yes,yes
511,17,Miami,C1E25,Eastern10,6/17/2011,6/15/2011,6/26/2011,0,7/4/2011,f,0.8128,7/14/2011,10,5.000004343,316.227766,yes,yes,yes
512,17,Miami,C1E25,Eastern10,6/17/2011,6/15/2011,6/27/2011,1,7/5/2011,m,0.4307,7/8/2011,3,4.860343997,269.2582404,yes,yes,yes
515,17,Miami,C1E25,Eastern10,6/17/2011,6/15/2011,6/27/2011,0,7/5/2011,m,0.6964,7/17/2011,12,3.398113692,50.00000002,yes,yes,yes
516,17,Miami,C1E25,Eastern10,6/17/2011,6/15/2011,6/26/2011,1,7/4/2011,m,0.9585,7/15/2011,11,4.653222165,212.1320344,yes,yes,yes
518,17,Miami,C1E25,Eastern10,6/17/2011,6/15/2011,6/29/2011,0,7/7/2011,f,0.586,7/13/2011,6,4.176120211,122.4744871,yes,yes,yes
519,17,Miami,C1E25,Eastern10,6/17/2011,6/15/2011,6/28/2011,NA,7/5/2011,f,0.5701,7/11/2011,6,4.653222165,212.1320344,yes,yes,yes
521,17,Miami,C1E26,Eastern10,6/17/2011,6/15/2011,6/27/2011,0,7/5/2011,m,0.561,7/12/2011,7,4.740370586,234.5207881,yes,yes,yes
522,17,Miami,C1E26,Eastern10,6/17/2011,6/15/2011,6/27/2011,0,7/5/2011,f,0.7068,7/15/2011,10,4.69897869,223.6067977,yes,yes,yes
529,17,Miami,C1E26,Eastern10,6/18/2011,6/16/2011,6/27/2011,0,7/5/2011,m,0.6003,7/15/2011,10,3.398113692,50.00000002,yes,yes,yes
532,17,Miami,C1E27,Eastern10,6/18/2011,6/16/2011,6/28/2011,1,7/6/2011,f,0.5761,7/15/2011,9,4.98900907,312.2498999,yes,yes,yes
533,17,Miami,C1E27,Eastern10,6/18/2011,6/16/2011,6/29/2011,1,7/7/2011,f,0.5989,7/17/2011,10,4.778158489,244.9489744,yes,yes,yes
535,17,Miami,C1E27,Eastern10,6/18/2011,6/16/2011,6/28/2011,1,7/6/2011,m,0.5919,7/14/2011,8,4.096944755,111.8033989,yes,yes,yes
536,17,Miami,C1E27,Eastern10,6/18/2011,6/16/2011,6/27/2011,0,7/5/2011,f,0.6709,7/13/2011,8,4.845104244,264.5751311,yes,yes,yes
541,17,Miami,C1E28,Eastern10,6/18/2011,6/16/2011,6/28/2011,1,7/6/2011,f,0.5669,7/14/2011,8,4.778158489,244.9489744,yes,yes,yes
542,17,Miami,C1E28,Eastern10,6/18/2011,6/16/2011,6/27/2011,0,7/5/2011,f,0.5256,7/12/2011,7,4.243062865,132.2875656,yes,yes,yes
543,17,Miami,C1E28,Eastern10,6/18/2011,6/16/2011,6/26/2011,1,7/4/2011,f,0.7029,7/12/2011,8,4.903095416,282.8427126,yes,yes,yes
544,17,Miami,C1E28,Eastern10,6/18/2011,6/16/2011,6/27/2011,0,7/6/2011,Stuck,0,7/7/2011,1,4.916459213,287.2281324,yes,yes,yes
545,17,Miami,C1E28,Eastern10,6/18/2011,6/16/2011,6/27/2011,1,7/5/2011,f,0.6543,7/16/2011,11,4.602070849,200.0000001,yes,yes,yes
546,17,Miami,C1E28,Eastern10,6/18/2011,6/16/2011,6/28/2011,0,7/6/2011,m,0.6563,7/16/2011,10,3.398113692,50.00000002,yes,yes,yes
547,17,Miami,C1E28,Eastern10,6/18/2011,6/16/2011,6/27/2011,0,7/5/2011,m,0.7943,7/14/2011,9,4.39795738,158.113883,yes,yes,yes
548,17,Miami,C1E28,Eastern10,6/18/2011,6/16/2011,6/27/2011,1,7/5/2011,f,0.6222,7/10/2011,5,4.98900907,312.2498999,yes,yes,yes
549,17,Miami,C1E28,Eastern10,6/18/2011,6/16/2011,6/27/2011,1,7/5/2011,m,0.6075,7/14/2011,9,5.010728102,320.1562117,yes,yes,yes
554,17,Miami,C1F18,Miami,6/17/2011,6/15/2011,6/28/2011,1,7/6/2011,f,0.5212,7/14/2011,8,4.676702753,217.9449473,yes,yes,yes
556,17,Miami,C1F18,Miami,6/17/2011,6/15/2011,6/26/2011,2,7/4/2011,m,0.7203,7/10/2011,6,4.511896724,180.2775638,yes,yes,yes
557,17,Miami,C1F18,Miami,6/17/2011,6/15/2011,6/26/2011,1,7/5/2011,m,0.5446,7/15/2011,10,4.243062865,132.2875656,yes,yes,yes
558,17,Miami,C1F18,Miami,6/17/2011,6/15/2011,6/28/2011,2,7/6/2011,f,0.4598,7/14/2011,8,3.699056855,70.71067816,yes,yes,yes
561,17,Miami,C1F19,Miami,6/17/2011,6/15/2011,6/25/2011,2,7/3/2011,m,0.5373,7/11/2011,8,5.122219156,364.0054945,yes,yes,yes
562,17,Miami,C1F19,Miami,6/17/2011,6/15/2011,6/27/2011,0,7/6/2011,Stuck,0,7/7/2011,1,4.977728177,308.2207002,yes,yes,yes
564,17,Miami,C1F19,Miami,6/17/2011,6/15/2011,6/26/2011,1,7/5/2011,m,0.5619,7/16/2011,11,4.176120211,122.4744871,yes,yes,yes
568,17,Miami,C1F19,Miami,6/17/2011,6/15/2011,6/27/2011,1,7/5/2011,0,0,7/7/2011,2,4.477135731,173.2050808,yes,yes,yes
569,17,Miami,C1F19,Miami,6/17/2011,6/15/2011,6/26/2011,0,7/4/2011,f,0.7973,7/11/2011,7,5.217486576,406.2019201,yes,yes,yes
572,17,Miami,C1F20,Miami,6/17/2011,6/15/2011,7/2/2011,1,7/4/2011,f,0.633,7/14/2011,10,3.398113692,50.00000002,yes,yes,yes
584,17,Miami,C1F21,Miami,6/18/2011,6/16/2011,6/28/2011,NA,7/5/2011,f,0.5599,7/11/2011,6,4.829310207,259.8076212,yes,yes,yes
592,17,Miami,C1F22,Miami,6/18/2011,6/16/2011,6/28/2011,0,7/6/2011,m,0.7645,7/17/2011,11,3.398113692,50.00000002,yes,yes,yes
593,17,Miami,C1F22,Miami,6/18/2011,6/16/2011,6/27/2011,0,7/5/2011,f,0.5765,7/14/2011,9,4.39795738,158.113883,yes,yes,yes
594,17,Miami,C1F22,Miami,6/18/2011,6/16/2011,6/27/2011,0,7/5/2011,m,0.6076,7/14/2011,9,4.740370586,234.5207881,yes,yes,yes
596,17,Miami,C1F22,Miami,6/18/2011,6/16/2011,6/29/2011,0,7/7/2011,m,1.0168,7/16/2011,9,5.1903345,393.7003937,yes,yes,yes
601,18,Miami,C1E23,Eastern10,6/17/2011,6/15/2011,6/25/2011,2,7/3/2011,m,0.8019,7/15/2011,12,4.860343997,269.2582404,yes,yes,yes
602,18,Miami,C1E23,Eastern10,6/17/2011,6/15/2011,6/25/2011,1,7/3/2011,f,0.6975,7/13/2011,10,4.000043427,99.99999997,yes,yes,yes
603,18,Miami,C1E23,Eastern10,6/17/2011,6/15/2011,6/27/2011,2,7/5/2011,m,0.6877,7/15/2011,10,4.954247335,300,yes,yes,yes
604,18,Miami,C1E23,Eastern10,6/17/2011,6/15/2011,6/27/2011,1,7/5/2011,m,0.5638,7/14/2011,9,4.778158489,244.9489744,yes,yes,yes
605,18,Miami,C1E23,Eastern10,6/17/2011,6/15/2011,6/26/2011,1,7/4/2011,m,0.6435,7/12/2011,8,5.010728102,320.1562117,yes,yes,yes
606,18,Miami,C1E23,Eastern10,6/17/2011,6/15/2011,6/27/2011,0,7/5/2011,f,0.3974,7/10/2011,5,5.24304053,418.3300131,yes,yes,yes
607,18,Miami,C1E23,Eastern10,6/17/2011,6/15/2011,6/26/2011,2,7/4/2011,m,0.8884,7/13/2011,9,4.30105171,141.4213563,yes,yes,yes
608,18,Miami,C1E23,Eastern10,6/17/2011,6/15/2011,6/27/2011,2,7/5/2011,f,0.5326,7/13/2011,8,4.720167576,229.1287849,yes,yes,yes
609,18,Miami,C1E23,Eastern10,6/17/2011,6/15/2011,6/25/2011,2,7/3/2011,m,0.7719,7/12/2011,9,5.051156383,335.4101967,yes,yes,yes
610,18,Miami,Control,Eastern10,6/17/2011,6/15/2011,6/27/2011,0,7/5/2011,f,0.4872,7/13/2011,8,4.39795738,158.113883,yes,no,yes
611,18,Miami,C1E25,Eastern10,6/17/2011,6/15/2011,6/25/2011,2,7/3/2011,f,0.7193,7/14/2011,11,4.795886966,250,yes,yes,yes
612,18,Miami,C1E25,Eastern10,6/17/2011,6/15/2011,6/25/2011,1,7/3/2011,f,0.7122,7/13/2011,10,4.574042849,193.6491674,yes,yes,yes
613,18,Miami,C1E25,Eastern10,6/17/2011,6/15/2011,6/26/2011,0,7/4/2011,m,0.6706,7/16/2011,12,4.39795738,158.113883,yes,yes,yes
614,18,Miami,C1E25,Eastern10,6/17/2011,6/15/2011,6/26/2011,1,7/4/2011,m,0.5981,7/14/2011,10,4.740370586,234.5207881,yes,yes,yes
615,18,Miami,C1E25,Eastern10,6/17/2011,6/15/2011,6/27/2011,1,7/5/2011,m,0.5808,7/13/2011,8,5.088139634,350,yes,yes,yes
616,18,Miami,C1E25,Eastern10,6/17/2011,6/15/2011,6/24/2011,0,7/2/2011,f,0.7464,7/10/2011,8,5.060701617,339.1164992,yes,yes,yes
617,18,Miami,C1E25,Eastern10,6/17/2011,6/15/2011,6/25/2011,0,7/3/2011,m,0.9209,7/12/2011,9,4.740370586,234.5207881,yes,yes,yes
618,18,Miami,C1E25,Eastern10,6/17/2011,6/15/2011,6/27/2011,1,7/5/2011,m,0.6725,7/15/2011,10,4.439348486,165.8312395,yes,yes,yes
619,18,Miami,C1E25,Eastern10,6/17/2011,6/15/2011,6/26/2011,1,7/4/2011,m,0.8321,7/15/2011,11,4.602070849,200.0000001,yes,yes,yes
621,18,Miami,C1E26,Eastern10,6/17/2011,6/15/2011,6/25/2011,2,7/3/2011,f,0.7471,7/10/2011,7,5.525046103,578.7918448,yes,yes,yes
622,18,Miami,C1E26,Eastern10,6/18/2011,6/16/2011,6/26/2011,2,7/4/2011,m,0.666,7/13/2011,9,5.168794965,384.0572875,yes,yes,yes
623,18,Miami,C1E26,Eastern10,6/18/2011,6/16/2011,6/27/2011,1,7/5/2011,m,0.539,7/14/2011,9,4.628399149,206.1552814,yes,yes,yes
625,18,Miami,C1E26,Eastern10,6/18/2011,6/16/2011,6/27/2011,1,7/5/2011,m,0.6992,7/14/2011,9,3.875119165,86.60254033,yes,yes,yes
627,18,Miami,C1E26,Eastern10,6/18/2011,6/16/2011,6/28/2011,1,7/6/2011,m,0.5044,7/15/2011,9,4.628399149,206.1552814,yes,yes,yes
629,18,Miami,C1E26,Eastern10,6/18/2011,6/16/2011,6/28/2011,2,7/6/2011,m,0.453,7/14/2011,8,4.653222165,212.1320344,yes,yes,yes
634,18,Miami,C1E27,Eastern10,6/18/2011,6/16/2011,7/1/2011,0,7/10/2011,m,0.6861,7/19/2011,9,3.699056855,70.71067816,yes,yes,yes
636,18,Miami,C1E27,Eastern10,6/18/2011,6/16/2011,6/29/2011,0,7/7/2011,m,0.473,7/15/2011,8,4.096944755,111.8033989,yes,yes,yes
638,18,Miami,C1E27,Eastern10,6/18/2011,6/16/2011,6/29/2011,0,7/7/2011,f,0.4222,7/13/2011,6,4.602070849,200.0000001,yes,yes,yes
639,18,Miami,C1E27,Eastern10,6/18/2011,6/16/2011,6/28/2011,1,7/6/2011,m,0.4919,7/16/2011,10,4.676702753,217.9449473,yes,yes,yes
641,18,Miami,C1E28,Eastern10,6/18/2011,6/16/2011,6/28/2011,1,7/6/2011,m,0.4824,7/15/2011,9,5.021193435,324.0370349,yes,yes,yes
642,18,Miami,C1E28,Eastern10,6/18/2011,6/16/2011,6/28/2011,0,7/6/2011,f,0.4943,7/15/2011,9,4.096944755,111.8033989,yes,yes,yes
643,18,Miami,C1E28,Eastern10,6/18/2011,6/16/2011,6/27/2011,2,7/5/2011,f,0.4363,7/13/2011,8,4.69897869,223.6067977,yes,yes,yes
644,18,Miami,C1E28,Eastern10,6/18/2011,6/16/2011,6/28/2011,0,7/6/2011,m,0.4674,7/14/2011,8,4.439348486,165.8312395,yes,yes,yes
646,18,Miami,C1E28,Eastern10,6/18/2011,6/16/2011,6/28/2011,N,7/5/2011,f,0.4627,7/16/2011,11,3.699056855,70.71067816,yes,yes,yes
651,18,Miami,C1F18,Miami,6/17/2011,6/15/2011,6/25/2011,1,7/3/2011,f,0.4912,7/12/2011,9,4.977728177,308.2207002,yes,yes,yes
652,18,Miami,C1F18,Miami,6/17/2011,6/15/2011,6/26/2011,0,7/4/2011,f,0.5994,7/11/2011,7,5.217486576,406.2019201,yes,yes,yes
654,18,Miami,C1F18,Miami,6/17/2011,6/15/2011,6/27/2011,2,7/5/2011,f,0.5839,7/15/2011,10,4.720167576,229.1287849,yes,yes,yes
655,18,Miami,C1F18,Miami,6/17/2011,6/15/2011,6/27/2011,1,7/5/2011,m,0.6399,7/13/2011,8,4.845104244,264.5751311,yes,yes,yes
657,18,Miami,C1F18,Miami,6/17/2011,6/15/2011,6/27/2011,1,7/5/2011,f,0.5799,7/14/2011,9,4.740370586,234.5207881,yes,yes,yes
658,18,Miami,C1F18,Miami,6/17/2011,6/15/2011,6/25/2011,2,7/3/2011,m,0.4916,7/11/2011,8,5.35698331,476.9696007,yes,yes,yes
661,18,Miami,C1F19,Miami,6/17/2011,6/15/2011,6/26/2011,0,7/4/2011,m,0.5433,7/13/2011,9,4.096944755,111.8033989,yes,yes,yes
662,18,Miami,C1F19,Miami,6/17/2011,6/15/2011,6/25/2011,1,7/3/2011,f,0.6456,7/16/2011,13,4.35220182,150.0000001,yes,yes,yes
664,18,Miami,C1F19,Miami,6/17/2011,6/15/2011,6/26/2011,2,7/4/2011,f,0.5146,7/13/2011,9,4.759675398,239.7915763,yes,yes,yes
665,18,Miami,C1F19,Miami,6/17/2011,6/15/2011,6/27/2011,2,7/5/2011,f,0.5765,7/13/2011,8,4.966146428,304.1381266,yes,yes,yes
666,18,Miami,C1F19,Miami,6/17/2011,6/15/2011,6/25/2011,1,7/3/2011,f,0.7956,7/8/2011,5,5.602061077,632.455532,yes,yes,yes
669,18,Miami,C1F19,Miami,6/17/2011,6/15/2011,6/27/2011,2,7/5/2011,m,0.7399,7/13/2011,8,5.37106971,484.7679856,yes,yes,yes
671,18,Miami,C1F20,Miami,6/18/2011,6/16/2011,6/29/2011,2,7/7/2011,f,0.3914,7/13/2011,6,4.69897869,223.6067977,yes,yes,yes
673,18,Miami,C1F20,Miami,6/18/2011,6/16/2011,6/29/2011,2,7/7/2011,m,0.3694,7/11/2011,4,5.28443299,438.7482194,yes,yes,yes
675,18,Miami,C1F20,Miami,6/18/2011,6/16/2011,6/29/2011,0,7/7/2011,f,0.6708,7/13/2011,6,5.28443299,438.7482194,yes,yes,yes
678,18,Miami,C1F20,Miami,6/18/2011,6/16/2011,6/27/2011,NA,7/5/2011,f,0.3618,7/10/2011,5,4.954247335,300,yes,yes,yes
679,18,Miami,C1F20,Miami,6/18/2011,6/16/2011,6/28/2011,1,7/6/2011,f,0.3951,7/15/2011,9,3.699056855,70.71067816,yes,yes,yes
683,18,Miami,C1F21,Miami,6/18/2011,6/16/2011,6/27/2011,0,7/5/2011,m,0.5345,7/15/2011,10,4.653222165,212.1320344,yes,yes,yes
686,18,Miami,C1F21,Miami,6/18/2011,6/16/2011,6/29/2011,1,7/7/2011,m,0.6006,7/16/2011,9,4.903095416,282.8427126,yes,yes,yes
688,18,Miami,C1F21,Miami,6/18/2011,6/16/2011,6/29/2011,2,7/7/2011,m,0.5446,7/16/2011,9,4.778158489,244.9489744,yes,yes,yes
692,18,Miami,C1F22,Miami,6/18/2011,6/16/2011,6/27/2011,NA,7/4/2011,f,0.6457,7/13/2011,9,4.176120211,122.4744871,yes,yes,yes
693,18,Miami,C1F22,Miami,6/18/2011,6/16/2011,6/26/2011,1,7/4/2011,m,0.7869,7/15/2011,11,4.39795738,158.113883,yes,yes,yes
696,18,Miami,C1F22,Miami,6/18/2011,6/16/2011,6/28/2011,1,7/6/2011,m,0.4912,7/14/2011,8,4.954247335,300,yes,yes,yes
697,18,Miami,C1F22,Miami,6/18/2011,6/16/2011,6/30/2011,0,7/8/2011,m,0.5833,7/17/2011,9,4.477135731,173.2050808,yes,yes,yes
699,18,Miami,C1F22,Miami,6/18/2011,6/16/2011,6/28/2011,1,7/6/2011,f,0.5428,7/12/2011,6,4.544080453,187.0828694,yes,yes,yes
701,19,Miami,C1E23,Eastern10,6/19/2011,6/17/2011,6/29/2011,3,7/7/2011,f,0.6079,7/22/2011,15,5.1903345,393.7003937,yes,yes,yes
702,19,Miami,C1E23,Eastern10,6/19/2011,6/17/2011,6/29/2011,NA,7/6/2011,m,0.5304,7/18/2011,12,5.929419437,921.9544461,yes,yes,yes
703,19,Miami,C1E23,Eastern10,6/19/2011,6/17/2011,6/29/2011,4,7/7/2011,f,0.4665,7/17/2011,10,6.051152908,1060.660171,yes,yes,yes
705,19,Miami,C1E23,Eastern10,6/19/2011,6/17/2011,6/29/2011,3,7/7/2011,m,0.5078,7/18/2011,11,4.829310207,259.8076212,yes,yes,yes
706,19,Miami,C1E23,Eastern10,6/19/2011,6/17/2011,6/30/2011,3,7/8/2011,f,3.7325,7/15/2011,7,6.117271627,1144.552314,yes,yes,yes
707,19,Miami,C1E23,Eastern10,6/19/2011,6/17/2011,6/30/2011,3,7/8/2011,m,0.5972,7/14/2011,6,5.890700956,881.7596041,yes,yes,yes
708,19,Miami,C1E23,Eastern10,6/19/2011,6/17/2011,6/28/2011,2,7/6/2011,f,0.465,7/18/2011,12,4.720167576,229.1287849,yes,yes,yes
709,19,Miami,C1E23,Eastern10,6/19/2011,6/17/2011,6/30/2011,2,7/8/2011,m,0.5096,7/17/2011,9,5.97197174,968.2458369,yes,yes,yes
711,19,Miami,C1E25,Eastern10,6/19/2011,6/17/2011,6/30/2011,2,7/8/2011,m,0.4695,7/16/2011,8,5.623250324,648.0740695,yes,yes,yes
712,19,Miami,C1E25,Eastern10,6/19/2011,6/17/2011,6/30/2011,2,7/8/2011,f,0.5489,7/20/2011,12,5.819544594,812.4038409,yes,yes,yes
713,19,Miami,C1E25,Eastern10,6/19/2011,6/17/2011,6/29/2011,5,7/7/2011,f,0.5124,7/11/2011,4,6.542514341,1867.48494,yes,yes,yes
714,19,Miami,C1E25,Eastern10,6/19/2011,6/17/2011,6/28/2011,5,7/6/2011,m,0.5704,7/14/2011,8,5.931966623,924.6621008,yes,yes,yes
715,19,Miami,C1E25,Eastern10,6/19/2011,6/17/2011,6/30/2011,2,7/8/2011,m,0.4806,7/14/2011,6,5.718087126,722.8416148,yes,yes,yes
716,19,Miami,C1E25,Eastern10,6/19/2011,6/17/2011,6/29/2011,4,7/7/2011,f,0.5735,7/16/2011,9,6.019116706,1022.252415,yes,yes,yes
717,19,Miami,C1E25,Eastern10,6/19/2011,6/17/2011,6/29/2011,3,7/7/2011,m,-0.3247,7/13/2011,6,6.354108631,1503.329637,yes,yes,yes
718,19,Miami,C1E25,Eastern10,6/19/2011,6/17/2011,6/30/2011,2,7/8/2011,m,0.8521,7/19/2011,11,5.911158142,902.7735047,yes,yes,yes
719,19,Miami,C1E25,Eastern10,6/19/2011,6/17/2011,6/28/2011,3,7/6/2011,f,0.4496,7/16/2011,10,5.521792956,576.6281299,yes,yes,yes
721,19,Miami,C1E26,Eastern10,6/19/2011,6/17/2011,6/28/2011,2,7/6/2011,f,0.4051,7/22/2011,16,5.531480194,583.0951892,yes,yes,yes
723,19,Miami,C1E26,Eastern10,6/19/2011,6/17/2011,6/28/2011,3,7/6/2011,m,0.4219,7/14/2011,8,5.576918106,614.4102861,yes,yes,yes
726,19,Miami,C1E26,Eastern10,6/20/2011,6/18/2011,6/29/2011,2,7/7/2011,f,0.6129,7/21/2011,14,5.217486576,406.2019201,yes,yes,yes
727,19,Miami,C1E26,Eastern10,6/20/2011,6/18/2011,6/30/2011,2,7/8/2011,m,0.4836,7/19/2011,11,6.067257261,1080.509139,yes,yes,yes
728,19,Miami,C1E26,Eastern10,6/20/2011,6/18/2011,6/29/2011,2,7/7/2011,m,0.4734,7/22/2011,15,5.130336985,367.4234612,yes,yes,yes
729,19,Miami,C1E26,Eastern10,6/20/2011,6/18/2011,6/30/2011,2,7/8/2011,m,0.5161,7/20/2011,12,5.579784739,616.4413999,yes,yes,yes
731,19,Miami,C1E27,Eastern10,6/20/2011,6/18/2011,6/29/2011,3,7/7/2011,m,0.4671,7/17/2011,10,5.785330547,781.0249676,yes,yes,yes
732,19,Miami,C1E27,Eastern10,6/20/2011,6/18/2011,6/30/2011,5,7/8/2011,f,0.4237,7/16/2011,8,5.544069285,591.6079782,yes,yes,yes
734,19,Miami,C1E27,Eastern10,6/20/2011,6/18/2011,6/29/2011,2,7/7/2011,f,0.5028,7/19/2011,12,5.722223287,726.2919521,yes,yes,yes
736,19,Miami,C1E27,Eastern10,6/20/2011,6/18/2011,6/29/2011,3,7/7/2011,m,0.5553,7/12/2011,5,5.85125896,842.6149769,yes,yes,yes
738,19,Miami,C1E27,Eastern10,6/20/2011,6/18/2011,6/30/2011,NA,7/7/2011,f,0.6248,7/13/2011,6,5.928140219,920.5976316,yes,yes,yes
739,19,Miami,C1E27,Eastern10,6/20/2011,6/18/2011,6/29/2011,3,7/7/2011,m,0.7624,7/16/2011,9,5.703292238,710.6335201,yes,yes,yes
741,19,Miami,C1E28,Eastern10,6/20/2011,6/18/2011,6/29/2011,NA,7/6/2011,f,0.459,7/14/2011,8,5.610128679,638.3572669,yes,yes,yes
742,19,Miami,C1E28,Eastern10,6/20/2011,6/18/2011,6/29/2011,3,7/7/2011,f,0.544,7/18/2011,11,5.720160131,724.5688376,yes,yes,yes
744,19,Miami,C1E28,Eastern10,6/20/2011,6/18/2011,6/30/2011,NA,7/7/2011,f,0.6278,7/16/2011,9,5.24304053,418.3300131,yes,yes,yes
745,19,Miami,C1E28,Eastern10,6/20/2011,6/18/2011,6/30/2011,2,7/8/2011,m,0.5611,7/19/2011,11,5.105513591,357.0714214,yes,yes,yes
746,19,Miami,C1E28,Eastern10,6/20/2011,6/18/2011,6/30/2011,NA,7/8/2011,m,0.6384,7/18/2011,10,5.42732541,517.2040217,yes,yes,yes
747,19,Miami,C1E28,Eastern10,6/20/2011,6/18/2011,6/29/2011,2,7/7/2011,f,0.6234,7/21/2011,14,5.168794965,384.0572875,yes,yes,yes
748,19,Miami,C1E28,Eastern10,6/20/2011,6/18/2011,6/30/2011,3,7/8/2011,f,0.5125,7/16/2011,8,6.058805866,1070.046728,yes,yes,yes
749,19,Miami,C1E28,Eastern10,6/20/2011,6/18/2011,6/29/2011,NA,7/6/2011,f,0.4041,7/15/2011,9,5.393576958,497.4937186,yes,yes,yes
751,19,Miami,C1F18,Miami,6/19/2011,6/17/2011,6/29/2011,4,7/7/2011,m,0.6384,7/14/2011,7,5.925570425,917.8779875,yes,yes,yes
754,19,Miami,C1F18,Miami,6/19/2011,6/17/2011,6/28/2011,1,7/6/2011,m,0.5271,7/23/2011,17,4.740370586,234.5207881,yes,yes,yes
755,19,Miami,C1F18,Miami,6/19/2011,6/17/2011,6/28/2011,4,7/6/2011,f,0.5002,7/17/2011,11,6.094296747,1114.674841,yes,yes,yes
756,19,Miami,C1F18,Miami,6/19/2011,6/17/2011,6/28/2011,2,7/6/2011,f,0.4067,7/18/2011,12,5.534661844,585.2349956,yes,yes,yes
757,19,Miami,C1F18,Miami,6/19/2011,6/17/2011,6/29/2011,3,7/7/2011,m,0.5413,7/14/2011,7,5.079184865,346.4101615,yes,yes,yes
758,19,Miami,C1F18,Miami,6/19/2011,6/17/2011,6/28/2011,2,7/6/2011,m,0.5374,7/24/2011,18,4.439348486,165.8312395,yes,yes,yes
761,19,Miami,C1F19,Miami,6/20/2011,6/18/2011,6/29/2011,2,7/7/2011,m,0.4359,7/18/2011,11,4.795886966,250,yes,yes,yes
762,19,Miami,C1F19,Miami,6/20/2011,6/18/2011,6/30/2011,2,7/8/2011,m,0.5308,7/24/2011,16,5.031412504,327.8719261,yes,yes,yes
763,19,Miami,C1F19,Miami,6/20/2011,6/18/2011,6/29/2011,3,7/7/2011,f,0.4808,7/15/2011,8,5.908485555,900,yes,yes,yes
764,19,Miami,C1F19,Miami,6/20/2011,6/18/2011,6/29/2011,2,7/7/2011,m,0.4615,7/18/2011,11,5.088139634,350,yes,yes,yes
765,19,Miami,C1F19,Miami,6/20/2011,6/18/2011,6/29/2011,4,7/7/2011,f,1.3242,7/15/2011,8,6.368751805,1528.888485,yes,yes,yes
766,19,Miami,C1F19,Miami,6/20/2011,6/18/2011,6/28/2011,3,7/6/2011,f,0.5415,7/17/2011,11,5.869232307,860.2325271,yes,yes,yes
767,19,Miami,C1F19,Miami,6/20/2011,6/18/2011,6/29/2011,2,7/7/2011,m,0.588,7/30/2011,23,5.010728102,320.1562117,yes,yes,yes
768,19,Miami,C1F19,Miami,6/20/2011,6/18/2011,6/29/2011,3,7/7/2011,m,0.5215,7/15/2011,8,5.774517696,771.3624314,yes,yes,yes
769,19,Miami,C1F19,Miami,6/20/2011,6/18/2011,7/1/2011,2,7/9/2011,m,0.4703,7/20/2011,11,4.511896724,180.2775638,yes,yes,yes
773,19,Miami,C1F20,Miami,6/20/2011,6/18/2011,6/30/2011,2,7/8/2011,f,0.5053,7/20/2011,12,5.774517696,771.3624314,yes,yes,yes
774,19,Miami,C1F20,Miami,6/20/2011,6/18/2011,6/29/2011,4,7/7/2011,f,0.4485,7/14/2011,7,5.273003588,433.0127017,yes,yes,yes
775,19,Miami,C1F20,Miami,6/20/2011,6/18/2011,6/29/2011,5,7/7/2011,f,0.4165,7/14/2011,7,5.623250324,648.0740695,yes,yes,yes
776,19,Miami,C1F20,Miami,6/20/2011,6/18/2011,6/29/2011,2,7/7/2011,m,0.936,7/26/2011,19,4.176120211,122.4744871,yes,yes,yes
777,19,Miami,C1F20,Miami,6/20/2011,6/18/2011,7/1/2011,2,7/9/2011,m,0.5024,7/25/2011,16,4.966146428,304.1381266,yes,yes,yes
778,19,Miami,C1F20,Miami,6/20/2011,6/18/2011,6/30/2011,3,7/8/2011,m,0.5909,7/15/2011,7,5.393576958,497.4937186,yes,yes,yes
781,19,Miami,C1F21,Miami,6/19/2011,6/17/2011,7/1/2011,4,7/9/2011,m,0.4979,7/16/2011,7,5.591065721,624.4998001,yes,yes,yes
782,19,Miami,C1F21,Miami,6/19/2011,6/17/2011,6/29/2011,4,7/7/2011,f,0.3903,7/12/2011,5,5.882240418,873.2124602,yes,yes,yes
784,19,Miami,C1F21,Miami,6/19/2011,6/17/2011,6/28/2011,3,7/6/2011,f,0.5058,7/17/2011,11,5.423247513,514.7815072,yes,yes,yes
785,19,Miami,C1F21,Miami,6/19/2011,6/17/2011,6/27/2011,2,7/5/2011,f,0.4914,7/17/2011,12,5.931966623,924.6621008,yes,yes,yes
787,19,Miami,C1F21,Miami,6/19/2011,6/17/2011,6/30/2011,4,7/8/2011,m,0.4807,7/15/2011,7,5.669782544,683.7397164,yes,yes,yes
788,19,Miami,C1F21,Miami,6/19/2011,6/17/2011,6/28/2011,3,7/6/2011,f,0.3977,7/17/2011,11,5.42732541,517.2040217,yes,yes,yes
789,19,Miami,C1F21,Miami,6/19/2011,6/17/2011,6/29/2011,1,7/7/2011,m,0.6998,7/11/2011,4,5.995635633,994.9874368,yes,yes,yes
791,19,Miami,C1F22,Miami,6/19/2011,6/17/2011,6/29/2011,4,7/7/2011,f,0.5716,7/15/2011,8,5.995635633,994.9874368,yes,yes,yes
792,19,Miami,C1F22,Miami,6/19/2011,6/17/2011,6/30/2011,3,7/8/2011,m,0.5693,7/18/2011,10,5.633469466,655.7438528,yes,yes,yes
793,19,Miami,C1F22,Miami,6/19/2011,6/17/2011,6/27/2011,NA,7/4/2011,f,0.5495,7/21/2011,17,4.477135731,173.2050808,yes,yes,yes
795,19,Miami,C1F22,Miami,6/20/2011,6/18/2011,6/28/2011,1,7/6/2011,f,0.4179,7/19/2011,13,5.713911193,719.3747282,yes,yes,yes
796,19,Miami,C1F22,Miami,6/20/2011,6/18/2011,6/29/2011,3,7/7/2011,f,0.5191,7/16/2011,9,6.025306275,1029.563014,yes,yes,yes
797,19,Miami,C1F22,Miami,6/20/2011,6/18/2011,6/29/2011,NA,7/6/2011,f,0.4962,7/12/2011,6,6.207499993,1269.84251,yes,yes,yes
798,19,Miami,C1F22,Miami,6/20/2011,6/18/2011,6/28/2011,3,7/6/2011,m,0.4515,7/16/2011,10,5.790637665,785.8116821,yes,yes,yes
799,19,Miami,C1F22,Miami,6/20/2011,6/18/2011,6/30/2011,NA,7/8/2011,f,0.4898,7/25/2011,17,6.107210309,1131.37085,yes,yes,yes
